rank,kmer,gain,best_TF,best_bits_per_pos,explained_by_enriched,best_enriched_TF
1,CCTCT,29509.97,Spi1,1.775,True,Spi1
2,ATATA,8001.05,SRF,1.958,False,
3,TTTGG,7030.7,E2F7,1.973,True,Msgn1
4,AAATA,6372.77,MEF2D,1.949,True,MEF2D
5,AATAT,5953.37,Arid5a,1.867,False,
6,ACATA,5877.99,NEUROG2,1.844,True,NEUROG2
7,TGTGT,3991.54,ZSCAN4,1.798,False,
8,GCCTC,3738.13,ZSCAN16,1.986,False,
9,GCTGG,3488.05,Zfp809,1.85,False,
10,ATTTT,3065.97,Hmga1,1.93,True,Yy1
11,AGACC,2984.79,Hand1,1.868,False,
12,GACCT,2724.12,ESRRB,1.989,True,Rarb
13,CCATT,2704.6,Msgn1,1.909,True,Msgn1
14,TATTT,2633.95,MEF2D,1.949,True,MEF2D
15,GTGGC,2593.17,CREB3L1,1.948,False,
16,CTGGA,2190.71,ZBTB26,1.941,False,
17,ATATT,2165.61,Arid5a,1.867,False,
18,CCTCA,2162.15,TFAP2A,1.839,False,
19,CCCAT,2157.94,ZNF410,1.992,False,
20,TGTAT,2149.96,DMRT3,1.846,False,
21,ACCTC,2128.2,ZNF135,1.953,True,Rarb
22,CATGT,2104.98,MXI1,1.952,False,
23,TACAT,1974.94,DMRTC2,1.775,False,
24,GTGTA,1965.03,ZSCAN29,1.796,False,
25,CATAT,1950.07,BHLHE23,1.984,True,BHLHA15
26,ACTGG,1908.84,Tfcp2l1,1.536,False,
27,TGTGG,1824.56,Runx1,1.902,False,
28,CCATC,1782.68,NEUROD1,1.883,True,NEUROD1
29,GCCAT,1723.74,ZFP42,1.949,True,Msgn1
30,TATAT,1688.98,SRF,1.958,False,
31,CTTCC,1687.94,IKZF2,1.98,True,Spi1
32,CCTCG,1532.05,ZNF135,1.73,False,
33,GGTGG,1506.41,GLI3,1.963,False,
34,GCAGA,1490.56,ZNF331,1.873,False,
35,TTCAT,1486.22,ZNF24,1.893,False,
36,AACAT,1468.36,FOXA1,1.806,True,NEUROG2
37,GAACC,1409.34,ZNF524,1.725,False,
38,CTGGT,1295.19,ZNF707,1.851,True,TAL1::TCF3
39,TGGAA,1254.47,Nfatc1,1.96,False,
40,ACATG,1216.25,MXI1,1.952,False,
41,TTGGA,1206.38,HNF4A,1.879,False,
42,TGTGC,1203.2,ZSCAN4,1.952,False,
43,GCAGG,1174.91,ZSCAN31,1.949,False,
44,CTGTA,1171.61,ZBTB32,1.996,False,
45,AAACC,1165.38,IRF4,1.963,False,
46,CCCGA,1147.53,ZNF460,1.674,False,
47,AATTT,1144.09,PHOX2B,1.847,False,
48,ATTGT,1138.93,Sox7,1.962,False,
49,GCAGC,1129.58,ZNF582,1.903,False,
50,AAGGC,1110.91,PROX1,1.74,False,
