dataset,k,rank,kmer,gain,best_TF_overall,best_bits_overall,matched_enriched_TF,matched_matrix_id,matched_bits_per_pos,tf_enrichment_z
human_nontata_promoters,6,1,GGGCGG,37405.41,KLF15,1.979,KLF15,MA1513.2,1.979,6.97
human_nontata_promoters,6,1,GGGCGG,37405.41,KLF15,1.979,SP2,MA0516.3,1.916,7.24
human_nontata_promoters,6,1,GGGCGG,37405.41,KLF15,1.979,SP4,MA0685.2,1.898,7.17
human_nontata_promoters,6,1,GGGCGG,37405.41,KLF15,1.979,SP1,MA0079.5,1.897,7.59
human_nontata_promoters,6,1,GGGCGG,37405.41,KLF15,1.979,KLF12,MA0742.2,1.885,7.14
human_nontata_promoters,6,1,GGGCGG,37405.41,KLF15,1.979,KLF14,MA0740.2,1.867,6.9
human_nontata_promoters,6,1,GGGCGG,37405.41,KLF15,1.979,KLF7,MA1959.2,1.859,7.14
human_nontata_promoters,6,1,GGGCGG,37405.41,KLF15,1.979,KLF10,MA1511.2,1.855,7.09
human_nontata_promoters,6,2,CCGCCC,21655.2,KLF15,1.979,KLF15,MA1513.2,1.979,6.97
human_nontata_promoters,6,2,CCGCCC,21655.2,KLF15,1.979,SP2,MA0516.3,1.916,7.24
human_nontata_promoters,6,2,CCGCCC,21655.2,KLF15,1.979,SP4,MA0685.2,1.898,7.17
human_nontata_promoters,6,2,CCGCCC,21655.2,KLF15,1.979,SP1,MA0079.5,1.897,7.59
human_nontata_promoters,6,2,CCGCCC,21655.2,KLF15,1.979,KLF12,MA0742.2,1.885,7.14
human_nontata_promoters,6,2,CCGCCC,21655.2,KLF15,1.979,KLF14,MA0740.2,1.867,6.9
human_nontata_promoters,6,2,CCGCCC,21655.2,KLF15,1.979,KLF7,MA1959.2,1.859,7.14
human_nontata_promoters,6,2,CCGCCC,21655.2,KLF15,1.979,KLF10,MA1511.2,1.855,7.09
human_nontata_promoters,6,3,GGCGGG,12906.06,E2F7,1.99,E2F7,MA0758.1,1.99,4.63
human_nontata_promoters,6,3,GGCGGG,12906.06,E2F7,1.99,KLF15,MA1513.2,1.978,6.97
human_nontata_promoters,6,3,GGCGGG,12906.06,E2F7,1.99,SP2,MA0516.3,1.93,7.24
human_nontata_promoters,6,3,GGCGGG,12906.06,E2F7,1.99,KLF12,MA0742.2,1.89,7.14
human_nontata_promoters,6,3,GGCGGG,12906.06,E2F7,1.99,E2F6,MA0471.3,1.869,4.94
human_nontata_promoters,6,3,GGCGGG,12906.06,E2F7,1.99,KLF14,MA0740.2,1.84,6.9
human_nontata_promoters,6,3,GGCGGG,12906.06,E2F7,1.99,KLF10,MA1511.2,1.832,7.09
human_nontata_promoters,6,3,GGCGGG,12906.06,E2F7,1.99,PATZ1,MA1961.2,1.804,6.9
human_nontata_promoters,6,4,GCGGCG,11840.82,ZNF610,1.8,ZNF610,MA1713.2,1.8,5.78
human_nontata_promoters,6,4,GCGGCG,11840.82,ZNF610,1.8,ZNF93,MA1721.2,1.555,4.63
human_nontata_promoters,6,5,CGGCGC,4886.74,ZNF610,1.521,ZNF610,MA1713.2,1.521,5.78
human_nontata_promoters,6,6,GCGCGC,4872.7,TCFL5,1.573,,,,
human_nontata_promoters,6,7,CGCCCC,3842.41,KLF13,1.928,SP1,MA0079.5,1.907,7.59
human_nontata_promoters,6,7,CGCCCC,3842.41,KLF13,1.928,KLF10,MA1511.2,1.895,7.09
human_nontata_promoters,6,7,CGCCCC,3842.41,KLF13,1.928,KLF12,MA0742.2,1.88,7.14
human_nontata_promoters,6,7,CGCCCC,3842.41,KLF13,1.928,SP2,MA0516.3,1.859,7.24
human_nontata_promoters,6,7,CGCCCC,3842.41,KLF13,1.928,KLF14,MA0740.2,1.832,6.9
human_nontata_promoters,6,7,CGCCCC,3842.41,KLF13,1.928,SP4,MA0685.2,1.816,7.17
human_nontata_promoters,6,7,CGCCCC,3842.41,KLF13,1.928,KLF16,MA0741.1,1.757,5.84
human_nontata_promoters,6,7,CGCCCC,3842.41,KLF13,1.928,ZBED4,MA2328.1,1.747,6.97
human_nontata_promoters,6,8,CGGAAG,3145.09,ELF4,1.965,ELF4,MA0641.1,1.965,2.59
human_nontata_promoters,6,8,CGGAAG,3145.09,ELF4,1.965,ELK3,MA0759.3,1.948,3.37
human_nontata_promoters,6,8,CGGAAG,3145.09,ELF4,1.965,ELF2,MA1483.3,1.875,3.32
human_nontata_promoters,6,8,CGGAAG,3145.09,ELF4,1.965,ETV4,MA0764.4,1.846,3.12
human_nontata_promoters,6,8,CGGAAG,3145.09,ELF4,1.965,ERF::NHLH1,MA1938.2,1.667,2.46
human_nontata_promoters,6,9,GGGGCG,2221.52,KLF13,1.928,SP1,MA0079.5,1.907,7.59
human_nontata_promoters,6,9,GGGGCG,2221.52,KLF13,1.928,KLF10,MA1511.2,1.895,7.09
human_nontata_promoters,6,9,GGGGCG,2221.52,KLF13,1.928,KLF12,MA0742.2,1.88,7.14
human_nontata_promoters,6,9,GGGGCG,2221.52,KLF13,1.928,SP2,MA0516.3,1.859,7.24
human_nontata_promoters,6,9,GGGGCG,2221.52,KLF13,1.928,KLF14,MA0740.2,1.832,6.9
human_nontata_promoters,6,9,GGGGCG,2221.52,KLF13,1.928,SP4,MA0685.2,1.816,7.17
human_nontata_promoters,6,9,GGGGCG,2221.52,KLF13,1.928,KLF16,MA0741.1,1.757,5.84
human_nontata_promoters,6,9,GGGGCG,2221.52,KLF13,1.928,ZBED4,MA2328.1,1.747,6.97
human_nontata_promoters,6,10,CGCGGC,2200.85,KLF3,1.477,,,,
human_nontata_promoters,6,11,CCCGCC,2110.94,E2F7,1.99,E2F7,MA0758.1,1.99,4.63
human_nontata_promoters,6,11,CCCGCC,2110.94,E2F7,1.99,KLF15,MA1513.2,1.978,6.97
human_nontata_promoters,6,11,CCCGCC,2110.94,E2F7,1.99,SP2,MA0516.3,1.93,7.24
human_nontata_promoters,6,11,CCCGCC,2110.94,E2F7,1.99,KLF12,MA0742.2,1.89,7.14
human_nontata_promoters,6,11,CCCGCC,2110.94,E2F7,1.99,E2F6,MA0471.3,1.869,4.94
human_nontata_promoters,6,11,CCCGCC,2110.94,E2F7,1.99,KLF14,MA0740.2,1.84,6.9
human_nontata_promoters,6,11,CCCGCC,2110.94,E2F7,1.99,KLF10,MA1511.2,1.832,7.09
human_nontata_promoters,6,11,CCCGCC,2110.94,E2F7,1.99,PATZ1,MA1961.2,1.804,6.9
human_nontata_promoters,6,12,GCGGCC,1854.73,ZNF574,1.527,ZNF574,MA1982.2,1.527,3.33
human_nontata_promoters,6,12,GCGGCC,1854.73,ZNF574,1.527,ZNF610,MA1713.2,1.504,5.78
human_nontata_promoters,6,13,CGCGCG,1713.7,TCFL5,1.594,,,,
human_nontata_promoters,6,14,CTTCCG,1519.45,ELF4,1.965,ELF4,MA0641.1,1.965,2.59
human_nontata_promoters,6,14,CTTCCG,1519.45,ELF4,1.965,ELK3,MA0759.3,1.948,3.37
human_nontata_promoters,6,14,CTTCCG,1519.45,ELF4,1.965,ELF2,MA1483.3,1.875,3.32
human_nontata_promoters,6,14,CTTCCG,1519.45,ELF4,1.965,ETV4,MA0764.4,1.846,3.12
human_nontata_promoters,6,14,CTTCCG,1519.45,ELF4,1.965,ERF::NHLH1,MA1938.2,1.667,2.46
human_nontata_promoters,6,15,CTCGCG,1485.69,ZBTB33,1.916,ZBTB33,MA0527.2,1.916,2.5
human_nontata_promoters,6,16,CGCCGG,1447.36,ERF::NHLH1,1.199,,,,
human_nontata_promoters,6,17,CCGGCG,1314.71,ERF::NHLH1,1.199,,,,
human_nontata_promoters,6,18,GGAAGT,1294.78,HOXD12::ELK1,1.962,ELF4,MA0641.1,1.959,2.59
human_nontata_promoters,6,18,GGAAGT,1294.78,HOXD12::ELK1,1.962,ELK3,MA0759.3,1.896,3.37
human_nontata_promoters,6,18,GGAAGT,1294.78,HOXD12::ELK1,1.962,ELF2,MA1483.3,1.852,3.32
human_nontata_promoters,6,18,GGAAGT,1294.78,HOXD12::ELK1,1.962,ETV4,MA0764.4,1.758,3.12
human_nontata_promoters,6,18,GGAAGT,1294.78,HOXD12::ELK1,1.962,ERF::NHLH1,MA1938.2,1.572,2.46
human_nontata_promoters,6,19,TTTCCG,1287.33,ETV2,1.867,ELF2,MA1483.3,1.617,3.32
human_nontata_promoters,6,19,TTTCCG,1287.33,ETV2,1.867,NFATC3,MA0625.3,1.595,3.18
human_nontata_promoters,6,19,TTTCCG,1287.33,ETV2,1.867,ERF::NHLH1,MA1938.2,1.561,2.46
human_nontata_promoters,6,20,CGCTCG,1168.64,PAX2,1.37,,,,
human_nontata_promoters,6,21,GCGGAG,1158.45,ZBED4,1.626,ZBED4,MA2328.1,1.626,6.97
human_nontata_promoters,6,21,GCGGAG,1158.45,ZBED4,1.626,SP4,MA0685.2,1.601,7.17
human_nontata_promoters,6,21,GCGGAG,1158.45,ZBED4,1.626,ZNF460,MA1596.1,1.6,4.78
human_nontata_promoters,6,21,GCGGAG,1158.45,ZBED4,1.626,SP1,MA0079.5,1.527,7.59
human_nontata_promoters,6,22,GAGGCG,1151.92,ZNF460,1.68,ZNF460,MA1596.1,1.68,4.78
human_nontata_promoters,6,22,GAGGCG,1151.92,ZNF460,1.68,ZNF257,MA1710.2,1.645,2.85
human_nontata_promoters,6,23,GGTGAG,1029.42,ZKSCAN5,1.691,,,,
human_nontata_promoters,6,24,TGCGCA,1026.58,CEBPB,1.904,Nrf1,MA0506.3,1.598,3.91
human_nontata_promoters,6,25,CCCCGC,951.19,KLF12,1.883,KLF12,MA0742.2,1.883,7.14
human_nontata_promoters,6,25,CCCCGC,951.19,KLF12,1.883,KLF15,MA1513.2,1.853,6.97
human_nontata_promoters,6,25,CCCCGC,951.19,KLF12,1.883,ZIC5,MA1584.2,1.842,4.26
human_nontata_promoters,6,25,CCCCGC,951.19,KLF12,1.883,GLIS2,MA0736.1,1.826,2.56
human_nontata_promoters,6,25,CCCCGC,951.19,KLF12,1.883,SP2,MA0516.3,1.812,7.24
human_nontata_promoters,6,25,CCCCGC,951.19,KLF12,1.883,KLF10,MA1511.2,1.803,7.09
human_nontata_promoters,6,25,CCCCGC,951.19,KLF12,1.883,SP4,MA0685.2,1.799,7.17
human_nontata_promoters,6,25,CCCCGC,951.19,KLF12,1.883,PATZ1,MA1961.2,1.791,6.9
human_nontata_promoters,6,26,AGACCA,950.47,GLI3,1.734,Gli1,MA1990.2,1.707,4.03
human_nontata_promoters,6,27,GTGCTG,949.01,REST,1.797,,,,
human_nontata_promoters,6,28,GCCGCG,948.25,KLF3,1.477,,,,
human_nontata_promoters,6,29,CCGCGC,861.75,ZBTB14,1.825,ZBTB14,MA1650.2,1.825,5.77
human_nontata_promoters,6,29,CCGCGC,861.75,ZBTB14,1.825,KLF3,MA1516.2,1.684,4.75
human_nontata_promoters,6,30,AGGAAG,834.0,IKZF2,1.977,,,,
human_nontata_promoters,6,31,CACCTG,824.96,SNAI3,1.982,ASCL1,MA1631.2,1.923,3.02
human_nontata_promoters,6,31,CACCTG,824.96,SNAI3,1.982,TCF4,MA0830.3,1.909,2.87
human_nontata_promoters,6,32,GCCGGA,822.48,ERF::NHLH1,1.868,ERF::NHLH1,MA1938.2,1.868,2.46
human_nontata_promoters,6,32,GCCGGA,822.48,ERF::NHLH1,1.868,ELK3,MA0759.3,1.627,3.37
human_nontata_promoters,6,32,GCCGGA,822.48,ERF::NHLH1,1.868,ETV4,MA0764.4,1.594,3.12
human_nontata_promoters,6,33,GCAGTC,786.1,PAX9,1.5,,,,
human_nontata_promoters,6,34,CCCTCC,778.19,MAZ,1.976,MAZ,MA1522.2,1.976,5.4
human_nontata_promoters,6,34,CCCTCC,778.19,MAZ,1.976,ZNF148,MA1653.2,1.898,6.41
human_nontata_promoters,6,34,CCCTCC,778.19,MAZ,1.976,ZNF281,MA1630.3,1.84,6.68
human_nontata_promoters,6,34,CCCTCC,778.19,MAZ,1.976,PATZ1,MA1961.2,1.727,6.9
human_nontata_promoters,6,34,CCCTCC,778.19,MAZ,1.976,SP4,MA0685.2,1.567,7.17
human_nontata_promoters,6,34,CCCTCC,778.19,MAZ,1.976,SP1,MA0079.5,1.556,7.59
human_nontata_promoters,6,34,CCCTCC,778.19,MAZ,1.976,KLF5,MA0599.1,1.55,5.62
human_nontata_promoters,6,35,ACCGGA,774.51,FEV,1.939,ELK3,MA0759.3,1.87,3.37
human_nontata_promoters,6,35,ACCGGA,774.51,FEV,1.939,ETV4,MA0764.4,1.795,3.12
human_nontata_promoters,6,35,ACCGGA,774.51,FEV,1.939,ELF2,MA1483.3,1.611,3.32
human_nontata_promoters,6,35,ACCGGA,774.51,FEV,1.939,ELF4,MA0641.1,1.5,2.59
human_nontata_promoters,6,36,AGCGCG,755.14,HES1,1.134,,,,
human_nontata_promoters,6,37,GCCCCG,750.24,ZBED4,1.761,ZBED4,MA2328.1,1.761,6.97
human_nontata_promoters,6,37,GCCCCG,750.24,ZBED4,1.761,PATZ1,MA1961.2,1.567,6.9
human_nontata_promoters,6,38,GGAGGA,731.86,ZNF263,1.913,ZNF263,MA0528.3,1.913,5.4
human_nontata_promoters,6,39,GCGGAA,684.24,ETV6,1.79,ZNF140,MA1589.2,1.7,2.96
human_nontata_promoters,6,40,CCGCCG,661.7,ZNF610,1.642,ZNF610,MA1713.2,1.642,5.78
human_nontata_promoters,6,40,CCGCCG,661.7,ZNF610,1.642,ZNF93,MA1721.2,1.534,4.63
human_nontata_promoters,6,41,GCCTGG,656.36,ZNF213,1.86,ZNF213,MA2121.1,1.86,4.86
human_nontata_promoters,6,42,GGAGGG,641.14,MAZ,1.976,MAZ,MA1522.2,1.976,5.4
human_nontata_promoters,6,42,GGAGGG,641.14,MAZ,1.976,ZNF148,MA1653.2,1.898,6.41
human_nontata_promoters,6,42,GGAGGG,641.14,MAZ,1.976,ZNF281,MA1630.3,1.84,6.68
human_nontata_promoters,6,42,GGAGGG,641.14,MAZ,1.976,PATZ1,MA1961.2,1.727,6.9
human_nontata_promoters,6,42,GGAGGG,641.14,MAZ,1.976,SP4,MA0685.2,1.567,7.17
human_nontata_promoters,6,42,GGAGGG,641.14,MAZ,1.976,SP1,MA0079.5,1.556,7.59
human_nontata_promoters,6,42,GGAGGG,641.14,MAZ,1.976,KLF5,MA0599.1,1.55,5.62
human_nontata_promoters,6,43,GCTCAC,634.56,PAX5,1.054,,,,
human_nontata_promoters,6,44,CGCCGC,631.12,ZNF610,1.8,ZNF610,MA1713.2,1.8,5.78
human_nontata_promoters,6,44,CGCCGC,631.12,ZNF610,1.8,ZNF93,MA1721.2,1.555,4.63
human_nontata_promoters,6,45,CCTACA,629.8,RORA,1.404,,,,
human_nontata_promoters,6,46,GTCGCG,627.6,ZBED1,1.943,,,,
human_nontata_promoters,6,47,GGGGAG,624.53,Wt1,1.857,Wt1,MA1627.2,1.857,5.5
human_nontata_promoters,6,47,GGGGAG,624.53,Wt1,1.857,ZNF281,MA1630.3,1.845,6.68
human_nontata_promoters,6,47,GGGGAG,624.53,Wt1,1.857,ZNF148,MA1653.2,1.781,6.41
human_nontata_promoters,6,47,GGGGAG,624.53,Wt1,1.857,SP1,MA0079.5,1.665,7.59
human_nontata_promoters,6,47,GGGGAG,624.53,Wt1,1.857,SP4,MA0685.2,1.584,7.17
human_nontata_promoters,6,47,GGGGAG,624.53,Wt1,1.857,PATZ1,MA1961.2,1.577,6.9
human_nontata_promoters,6,48,CCGGTT,618.88,GRHL1,1.873,,,,
human_nontata_promoters,6,49,TGCTGG,614.55,ZNF157,1.712,ZNF140,MA1589.2,1.675,2.96
human_nontata_promoters,6,50,TCCGGG,613.47,ELF4,1.872,ELF4,MA0641.1,1.872,2.59
human_nontata_promoters,6,50,TCCGGG,613.47,ELF4,1.872,ELF2,MA1483.3,1.749,3.32
human_enhancers_cohn,5,1,GGGCC,6333.97,ZNF692,1.98,,,,
human_enhancers_cohn,5,2,TATAT,6000.76,SRF,1.958,SRF,MA0083.3,1.958,4.29
human_enhancers_cohn,5,2,TATAT,6000.76,SRF,1.958,ZNF8,MA1718.1,1.807,3.33
human_enhancers_cohn,5,2,TATAT,6000.76,SRF,1.958,ZNF157,MA2331.1,1.683,5.78
human_enhancers_cohn,5,3,ATATA,4333.1,SRF,1.958,SRF,MA0083.3,1.958,4.29
human_enhancers_cohn,5,3,ATATA,4333.1,SRF,1.958,ZNF8,MA1718.1,1.807,3.33
human_enhancers_cohn,5,3,ATATA,4333.1,SRF,1.958,ZNF157,MA2331.1,1.683,5.78
human_enhancers_cohn,5,4,GGCCC,2118.74,ZNF692,1.98,,,,
human_enhancers_cohn,5,5,AATAT,2011.65,Arid5a,1.867,ZNF157,MA2331.1,1.688,5.78
human_enhancers_cohn,5,6,CTGGC,1552.37,NFIB,1.862,ZNF157,MA2331.1,1.598,5.78
human_enhancers_cohn,5,7,CCCTG,1467.52,ZSCAN31,1.954,ZSCAN31,MA1722.2,1.954,4.14
human_enhancers_cohn,5,8,ATATT,1183.06,Arid5a,1.867,ZNF157,MA2331.1,1.688,5.78
human_enhancers_cohn,5,9,CGGGG,1142.16,ZIC5,1.888,,,,
human_enhancers_cohn,5,10,AATTT,1112.51,PHOX2B,1.847,,,,
human_enhancers_cohn,5,11,TGTTT,1037.83,FOXP2,1.994,FOXO6,MA0849.1,1.93,3.26
human_enhancers_cohn,5,12,AGGGC,1015.68,ZSCAN31,1.948,ZSCAN31,MA1722.2,1.948,4.14
human_enhancers_cohn,5,13,AGGAA,1007.78,BCL6B,1.989,,,,
human_enhancers_cohn,5,14,CCCGG,969.39,ELF4,1.848,,,,
human_enhancers_cohn,5,15,TCCAT,918.94,Nfatc2,1.863,ZNF8,MA1718.1,1.677,3.33
human_enhancers_cohn,5,16,ATGGA,911.32,Nfatc2,1.863,ZNF8,MA1718.1,1.677,3.33
human_enhancers_cohn,5,17,TTTAT,909.86,CDX4,1.999,CDX2,MA0465.3,1.914,3.41
human_enhancers_cohn,5,17,TTTAT,909.86,CDX4,1.999,ETV2::HOXB13,MA1943.2,1.662,3.32
human_enhancers_cohn,5,17,TTTAT,909.86,CDX4,1.999,ZNF354A,MA1978.2,1.584,4.4
human_enhancers_cohn,5,18,ATGCA,905.15,ZNF143,1.933,,,,
human_enhancers_cohn,5,19,TTTCC,895.47,NFATC4,1.976,ETV2::HOXB13,MA1943.2,1.627,3.32
human_enhancers_cohn,5,20,CCCGC,883.75,E2F7,1.993,,,,
human_enhancers_cohn,5,21,CAGGG,852.13,ZSCAN31,1.954,ZSCAN31,MA1722.2,1.954,4.14
human_enhancers_cohn,5,22,CCTGG,851.06,ZNF213,1.852,,,,
human_enhancers_cohn,5,23,AAAAT,844.77,Hmga1,1.93,ZFP42,MA1651.2,1.71,4.52
human_enhancers_cohn,5,23,AAAAT,844.77,Hmga1,1.93,ZNF8,MA1718.1,1.632,3.33
human_enhancers_cohn,5,24,TTCCT,836.83,BCL6B,1.989,,,,
human_enhancers_cohn,5,25,ATACA,829.62,DMRT3,1.846,ZNF157,MA2331.1,1.635,5.78
human_enhancers_cohn,5,26,ATAGA,808.77,MEF2D,1.776,,,,
human_enhancers_cohn,5,27,AATGG,784.14,Msgn1,1.909,ZFP42,MA1651.2,1.737,4.52
human_enhancers_cohn,5,28,GCCAG,773.17,NFIB,1.862,ZNF157,MA2331.1,1.598,5.78
human_enhancers_cohn,5,29,ATATC,759.11,ZNF8,1.734,ZNF8,MA1718.1,1.734,3.33
human_enhancers_cohn,5,30,ATTGA,748.4,ONECUT1,1.963,,,,
human_enhancers_cohn,5,31,TATTG,747.59,Hoxd13,1.98,ZNF157,MA2331.1,1.853,5.78
human_enhancers_cohn,5,31,TATTG,747.59,Hoxd13,1.98,CDX2,MA0465.3,1.839,3.41
human_enhancers_cohn,5,32,CAGTT,722.59,MYB,1.96,ZSCAN31,MA1722.2,1.759,4.14
human_enhancers_cohn,5,33,ATCCA,717.14,FOXH1,1.819,ZNF8,MA1718.1,1.72,3.33
human_enhancers_cohn,5,34,CTTCC,712.11,IKZF2,1.98,,,,
human_enhancers_cohn,5,35,GGAAG,706.57,IKZF2,1.98,,,,
human_enhancers_cohn,5,36,CCGGC,703.06,ERF::NHLH1,1.873,,,,
human_enhancers_cohn,5,37,TCTAT,688.99,MEF2D,1.776,,,,
human_enhancers_cohn,5,38,GAGAT,673.93,ZNF85,1.757,,,,
human_enhancers_cohn,5,39,CGCTG,668.18,ZNF93,1.777,,,,
human_enhancers_cohn,5,40,TGCAT,664.91,ZNF143,1.933,,,,
human_enhancers_cohn,5,41,GGAAA,656.47,NFATC4,1.976,ETV2::HOXB13,MA1943.2,1.627,3.32
human_enhancers_cohn,5,42,AAACA,642.22,FOXP2,1.994,FOXO6,MA0849.1,1.93,3.26
human_enhancers_cohn,5,43,TGGAT,632.62,FOXH1,1.819,ZNF8,MA1718.1,1.72,3.33
human_enhancers_cohn,5,44,AATAA,620.38,Hoxd13,1.983,CDX2,MA0465.3,1.88,3.41
human_enhancers_cohn,5,45,ATTTT,615.62,Hmga1,1.93,ZFP42,MA1651.2,1.71,4.52
human_enhancers_cohn,5,45,ATTTT,615.62,Hmga1,1.93,ZNF8,MA1718.1,1.632,3.33
human_enhancers_cohn,5,46,CAGCG,612.0,ZNF93,1.777,,,,
human_enhancers_cohn,5,47,ATATG,610.19,BHLHE23,1.984,SRF,MA0083.3,1.957,4.29
human_enhancers_cohn,5,48,CAGCT,607.33,BHLHE22,1.995,,,,
human_enhancers_cohn,5,49,AGCTG,601.8,BHLHE22,1.995,,,,
human_enhancers_cohn,5,50,ATTAT,600.79,ZNF410,1.996,ZSCAN31,MA1722.2,1.562,4.14
human_enhancers_ensembl,6,1,AAAAAA,26491.09,ZNF384,1.991,ZNF384,MA1125.2,1.991,6.1
human_enhancers_ensembl,6,2,TTTTTT,22071.02,ZNF384,1.991,ZNF384,MA1125.2,1.991,6.1
human_enhancers_ensembl,6,3,TGACTC,16927.66,BACH1,1.937,BACH1,MA1633.2,1.937,4.53
human_enhancers_ensembl,6,3,TGACTC,16927.66,BACH1,1.937,NFE2,MA0841.2,1.933,3.15
human_enhancers_ensembl,6,3,TGACTC,16927.66,BACH1,1.937,JDP2,MA0655.1,1.904,4.26
human_enhancers_ensembl,6,3,TGACTC,16927.66,BACH1,1.937,FOS::JUND,MA1141.2,1.896,4.68
human_enhancers_ensembl,6,3,TGACTC,16927.66,BACH1,1.937,FOSL1,MA0477.3,1.889,4.67
human_enhancers_ensembl,6,3,TGACTC,16927.66,BACH1,1.937,BATF3,MA0835.3,1.882,4.1
human_enhancers_ensembl,6,3,TGACTC,16927.66,BACH1,1.937,JUNB,MA0490.3,1.874,4.85
human_enhancers_ensembl,6,3,TGACTC,16927.66,BACH1,1.937,Jun,MA0489.3,1.871,4.42
human_enhancers_ensembl,6,4,GAGTCA,15461.53,BACH1,1.937,BACH1,MA1633.2,1.937,4.53
human_enhancers_ensembl,6,4,GAGTCA,15461.53,BACH1,1.937,NFE2,MA0841.2,1.933,3.15
human_enhancers_ensembl,6,4,GAGTCA,15461.53,BACH1,1.937,JDP2,MA0655.1,1.904,4.26
human_enhancers_ensembl,6,4,GAGTCA,15461.53,BACH1,1.937,FOS::JUND,MA1141.2,1.896,4.68
human_enhancers_ensembl,6,4,GAGTCA,15461.53,BACH1,1.937,FOSL1,MA0477.3,1.889,4.67
human_enhancers_ensembl,6,4,GAGTCA,15461.53,BACH1,1.937,BATF3,MA0835.3,1.882,4.1
human_enhancers_ensembl,6,4,GAGTCA,15461.53,BACH1,1.937,JUNB,MA0490.3,1.874,4.85
human_enhancers_ensembl,6,4,GAGTCA,15461.53,BACH1,1.937,Jun,MA0489.3,1.871,4.42
human_enhancers_ensembl,6,5,AAAATA,10148.69,MEF2C,1.892,MEF2C,MA0497.2,1.892,3.97
human_enhancers_ensembl,6,5,AAAATA,10148.69,MEF2C,1.892,MEF2A,MA0052.5,1.857,5.06
human_enhancers_ensembl,6,5,AAAATA,10148.69,MEF2C,1.892,MEF2D,MA0773.1,1.78,3.03
human_enhancers_ensembl,6,5,AAAATA,10148.69,MEF2C,1.892,MEF2B,MA0660.1,1.755,3.38
human_enhancers_ensembl,6,6,AAAAAT,9892.24,Hmga1,1.927,Hmga1,MA2124.1,1.927,5.42
human_enhancers_ensembl,6,6,AAAAAT,9892.24,Hmga1,1.927,MEF2C,MA0497.2,1.82,3.97
human_enhancers_ensembl,6,6,AAAAAT,9892.24,Hmga1,1.927,MEF2A,MA0052.5,1.803,5.06
human_enhancers_ensembl,6,6,AAAAAT,9892.24,Hmga1,1.927,MEF2D,MA0773.1,1.78,3.03
human_enhancers_ensembl,6,6,AAAAAT,9892.24,Hmga1,1.927,ONECUT3,MA0757.2,1.764,3.84
human_enhancers_ensembl,6,6,AAAAAT,9892.24,Hmga1,1.927,MEF2B,MA0660.1,1.755,3.38
human_enhancers_ensembl,6,6,AAAAAT,9892.24,Hmga1,1.927,ZNF384,MA1125.2,1.529,6.1
human_enhancers_ensembl,6,7,AATTTT,9427.21,SOX21,1.315,,,,
human_enhancers_ensembl,6,8,CCCTCC,9319.1,MAZ,1.976,,,,
human_enhancers_ensembl,6,9,ACTTCC,9076.11,HOXD12::ELK1,1.962,HOXD12::ELK1,MA1958.2,1.962,2.4
human_enhancers_ensembl,6,9,ACTTCC,9076.11,HOXD12::ELK1,1.962,ELK1::HOXB13,MA1932.2,1.933,3.34
human_enhancers_ensembl,6,9,ACTTCC,9076.11,HOXD12::ELK1,1.962,HOXB2::ELK1,MA1957.1,1.93,3.35
human_enhancers_ensembl,6,9,ACTTCC,9076.11,HOXD12::ELK1,1.962,ETV6,MA0645.2,1.925,4.35
human_enhancers_ensembl,6,9,ACTTCC,9076.11,HOXD12::ELK1,1.962,ELK1::HOXA1,MA1931.1,1.911,3.73
human_enhancers_ensembl,6,9,ACTTCC,9076.11,HOXD12::ELK1,1.962,SPIB,MA0081.3,1.901,3.09
human_enhancers_ensembl,6,9,ACTTCC,9076.11,HOXD12::ELK1,1.962,EHF,MA0598.4,1.895,3.99
human_enhancers_ensembl,6,9,ACTTCC,9076.11,HOXD12::ELK1,1.962,ELF1,MA0473.4,1.892,3.41
human_enhancers_ensembl,6,10,AGGAAG,8434.84,IKZF2,1.977,EWSR1-FLI1,MA0149.1,1.954,4.74
human_enhancers_ensembl,6,10,AGGAAG,8434.84,IKZF2,1.977,Elf5,MA0136.4,1.922,5.39
human_enhancers_ensembl,6,10,AGGAAG,8434.84,IKZF2,1.977,ELF1,MA0473.4,1.9,3.41
human_enhancers_ensembl,6,10,AGGAAG,8434.84,IKZF2,1.977,ELF3,MA0640.3,1.898,4.22
human_enhancers_ensembl,6,10,AGGAAG,8434.84,IKZF2,1.977,EHF,MA0598.4,1.883,3.99
human_enhancers_ensembl,6,10,AGGAAG,8434.84,IKZF2,1.977,Ikzf3,MA1992.2,1.883,3.18
human_enhancers_ensembl,6,10,AGGAAG,8434.84,IKZF2,1.977,ETV1,MA0761.3,1.881,2.52
human_enhancers_ensembl,6,10,AGGAAG,8434.84,IKZF2,1.977,Spi1,MA0080.7,1.879,3.61
human_enhancers_ensembl,6,11,GACTCA,8208.34,BACH1,1.937,BACH1,MA1633.2,1.937,4.53
human_enhancers_ensembl,6,11,GACTCA,8208.34,BACH1,1.937,NFE2,MA0841.2,1.933,3.15
human_enhancers_ensembl,6,11,GACTCA,8208.34,BACH1,1.937,JDP2,MA0655.1,1.905,4.26
human_enhancers_ensembl,6,11,GACTCA,8208.34,BACH1,1.937,FOS::JUND,MA1141.2,1.896,4.68
human_enhancers_ensembl,6,11,GACTCA,8208.34,BACH1,1.937,FOSL1,MA0477.3,1.887,4.67
human_enhancers_ensembl,6,11,GACTCA,8208.34,BACH1,1.937,BATF3,MA0835.3,1.878,4.1
human_enhancers_ensembl,6,11,GACTCA,8208.34,BACH1,1.937,JUNB,MA0490.3,1.872,4.85
human_enhancers_ensembl,6,11,GACTCA,8208.34,BACH1,1.937,JUND,MA0491.3,1.869,4.6
human_enhancers_ensembl,6,12,GGAGGG,7048.84,MAZ,1.976,,,,
human_enhancers_ensembl,6,13,TGAGTC,6902.81,BACH1,1.937,BACH1,MA1633.2,1.937,4.53
human_enhancers_ensembl,6,13,TGAGTC,6902.81,BACH1,1.937,NFE2,MA0841.2,1.933,3.15
human_enhancers_ensembl,6,13,TGAGTC,6902.81,BACH1,1.937,JDP2,MA0655.1,1.905,4.26
human_enhancers_ensembl,6,13,TGAGTC,6902.81,BACH1,1.937,FOS::JUND,MA1141.2,1.896,4.68
human_enhancers_ensembl,6,13,TGAGTC,6902.81,BACH1,1.937,FOSL1,MA0477.3,1.887,4.67
human_enhancers_ensembl,6,13,TGAGTC,6902.81,BACH1,1.937,BATF3,MA0835.3,1.878,4.1
human_enhancers_ensembl,6,13,TGAGTC,6902.81,BACH1,1.937,JUNB,MA0490.3,1.872,4.85
human_enhancers_ensembl,6,13,TGAGTC,6902.81,BACH1,1.937,JUND,MA0491.3,1.869,4.6
human_enhancers_ensembl,6,14,GGAAGT,6494.75,HOXD12::ELK1,1.962,HOXD12::ELK1,MA1958.2,1.962,2.4
human_enhancers_ensembl,6,14,GGAAGT,6494.75,HOXD12::ELK1,1.962,ELK1::HOXB13,MA1932.2,1.933,3.34
human_enhancers_ensembl,6,14,GGAAGT,6494.75,HOXD12::ELK1,1.962,HOXB2::ELK1,MA1957.1,1.93,3.35
human_enhancers_ensembl,6,14,GGAAGT,6494.75,HOXD12::ELK1,1.962,ETV6,MA0645.2,1.925,4.35
human_enhancers_ensembl,6,14,GGAAGT,6494.75,HOXD12::ELK1,1.962,ELK1::HOXA1,MA1931.1,1.911,3.73
human_enhancers_ensembl,6,14,GGAAGT,6494.75,HOXD12::ELK1,1.962,SPIB,MA0081.3,1.901,3.09
human_enhancers_ensembl,6,14,GGAAGT,6494.75,HOXD12::ELK1,1.962,EHF,MA0598.4,1.895,3.99
human_enhancers_ensembl,6,14,GGAAGT,6494.75,HOXD12::ELK1,1.962,ELF1,MA0473.4,1.892,3.41
human_enhancers_ensembl,6,15,ATTTTT,6340.16,Hmga1,1.927,Hmga1,MA2124.1,1.927,5.42
human_enhancers_ensembl,6,15,ATTTTT,6340.16,Hmga1,1.927,MEF2C,MA0497.2,1.82,3.97
human_enhancers_ensembl,6,15,ATTTTT,6340.16,Hmga1,1.927,MEF2A,MA0052.5,1.803,5.06
human_enhancers_ensembl,6,15,ATTTTT,6340.16,Hmga1,1.927,MEF2D,MA0773.1,1.78,3.03
human_enhancers_ensembl,6,15,ATTTTT,6340.16,Hmga1,1.927,ONECUT3,MA0757.2,1.764,3.84
human_enhancers_ensembl,6,15,ATTTTT,6340.16,Hmga1,1.927,MEF2B,MA0660.1,1.755,3.38
human_enhancers_ensembl,6,15,ATTTTT,6340.16,Hmga1,1.927,ZNF384,MA1125.2,1.529,6.1
human_enhancers_ensembl,6,16,CTTCCT,6226.01,IKZF2,1.977,EWSR1-FLI1,MA0149.1,1.954,4.74
human_enhancers_ensembl,6,16,CTTCCT,6226.01,IKZF2,1.977,Elf5,MA0136.4,1.922,5.39
human_enhancers_ensembl,6,16,CTTCCT,6226.01,IKZF2,1.977,ELF1,MA0473.4,1.9,3.41
human_enhancers_ensembl,6,16,CTTCCT,6226.01,IKZF2,1.977,ELF3,MA0640.3,1.898,4.22
human_enhancers_ensembl,6,16,CTTCCT,6226.01,IKZF2,1.977,EHF,MA0598.4,1.883,3.99
human_enhancers_ensembl,6,16,CTTCCT,6226.01,IKZF2,1.977,Ikzf3,MA1992.2,1.883,3.18
human_enhancers_ensembl,6,16,CTTCCT,6226.01,IKZF2,1.977,ETV1,MA0761.3,1.881,2.52
human_enhancers_ensembl,6,16,CTTCCT,6226.01,IKZF2,1.977,Spi1,MA0080.7,1.879,3.61
human_enhancers_ensembl,6,17,CAGGAA,5973.21,FOXO1::FLI1,1.905,FOXO1::FLI1,MA1956.2,1.905,4.19
human_enhancers_ensembl,6,17,CAGGAA,5973.21,FOXO1::FLI1,1.905,Erg,MA0474.4,1.89,2.52
human_enhancers_ensembl,6,17,CAGGAA,5973.21,FOXO1::FLI1,1.905,ETV1,MA0761.3,1.888,2.52
human_enhancers_ensembl,6,17,CAGGAA,5973.21,FOXO1::FLI1,1.905,FOXO1::ELK1,MA1954.2,1.885,4.68
human_enhancers_ensembl,6,17,CAGGAA,5973.21,FOXO1::FLI1,1.905,Ikzf3,MA1992.2,1.88,3.18
human_enhancers_ensembl,6,17,CAGGAA,5973.21,FOXO1::FLI1,1.905,ELF1,MA0473.4,1.877,3.41
human_enhancers_ensembl,6,17,CAGGAA,5973.21,FOXO1::FLI1,1.905,GABPA,MA0062.4,1.851,2.75
human_enhancers_ensembl,6,17,CAGGAA,5973.21,FOXO1::FLI1,1.905,ZNF175,MA2332.1,1.845,3.52
human_enhancers_ensembl,6,18,TATTTT,5890.73,MEF2C,1.892,MEF2C,MA0497.2,1.892,3.97
human_enhancers_ensembl,6,18,TATTTT,5890.73,MEF2C,1.892,MEF2A,MA0052.5,1.857,5.06
human_enhancers_ensembl,6,18,TATTTT,5890.73,MEF2C,1.892,MEF2D,MA0773.1,1.78,3.03
human_enhancers_ensembl,6,18,TATTTT,5890.73,MEF2C,1.892,MEF2B,MA0660.1,1.755,3.38
human_enhancers_ensembl,6,19,CCACCC,5624.45,GLI3,1.967,,,,
human_enhancers_ensembl,6,20,ACGTCA,5555.5,ATF6,1.992,BACH2,MA1470.2,1.928,3.15
human_enhancers_ensembl,6,20,ACGTCA,5555.5,ATF6,1.992,FOSL1::JUND,MA1143.2,1.593,2.23
human_enhancers_ensembl,6,21,ATATAT,5400.5,SRF,1.881,,,,
human_enhancers_ensembl,6,22,GGGTGG,5288.91,GLI3,1.967,,,,
human_enhancers_ensembl,6,23,TTCCTG,5262.73,FOXO1::FLI1,1.905,FOXO1::FLI1,MA1956.2,1.905,4.19
human_enhancers_ensembl,6,23,TTCCTG,5262.73,FOXO1::FLI1,1.905,Erg,MA0474.4,1.89,2.52
human_enhancers_ensembl,6,23,TTCCTG,5262.73,FOXO1::FLI1,1.905,ETV1,MA0761.3,1.888,2.52
human_enhancers_ensembl,6,23,TTCCTG,5262.73,FOXO1::FLI1,1.905,FOXO1::ELK1,MA1954.2,1.885,4.68
human_enhancers_ensembl,6,23,TTCCTG,5262.73,FOXO1::FLI1,1.905,Ikzf3,MA1992.2,1.88,3.18
human_enhancers_ensembl,6,23,TTCCTG,5262.73,FOXO1::FLI1,1.905,ELF1,MA0473.4,1.877,3.41
human_enhancers_ensembl,6,23,TTCCTG,5262.73,FOXO1::FLI1,1.905,GABPA,MA0062.4,1.851,2.75
human_enhancers_ensembl,6,23,TTCCTG,5262.73,FOXO1::FLI1,1.905,ZNF175,MA2332.1,1.845,3.52
human_enhancers_ensembl,6,24,CAGCTG,4784.04,BHLHE22,1.995,,,,
human_enhancers_ensembl,6,25,GGGCGG,4553.97,KLF15,1.979,,,,
human_enhancers_ensembl,6,26,AAATTA,4496.89,PHOX2B,1.82,PHOX2B,MA0681.3,1.82,5.38
human_enhancers_ensembl,6,26,AAATTA,4496.89,PHOX2B,1.82,POU2F2,MA0507.3,1.683,2.38
human_enhancers_ensembl,6,26,AAATTA,4496.89,PHOX2B,1.82,Lhx3,MA0135.2,1.637,4.9
human_enhancers_ensembl,6,26,AAATTA,4496.89,PHOX2B,1.82,PROP1,MA0715.1,1.631,3.7
human_enhancers_ensembl,6,26,AAATTA,4496.89,PHOX2B,1.82,POU3F2,MA0787.1,1.506,2.48
human_enhancers_ensembl,6,27,AAAATT,4400.32,SOX21,1.315,,,,
human_enhancers_ensembl,6,28,ATATTT,4106.78,FOXB1,1.644,FOXB1,MA0845.1,1.644,5.75
human_enhancers_ensembl,6,28,ATATTT,4106.78,FOXB1,1.644,FOXC1,MA0032.2,1.603,6.25
human_enhancers_ensembl,6,28,ATATTT,4106.78,FOXB1,1.644,POU4F2,MA0683.2,1.561,4.87
human_enhancers_ensembl,6,28,ATATTT,4106.78,FOXB1,1.644,Arid5a,MA0602.2,1.52,4.03
human_enhancers_ensembl,6,29,AGTCAT,4044.42,NFE2,1.917,NFE2,MA0841.2,1.917,3.15
human_enhancers_ensembl,6,29,AGTCAT,4044.42,NFE2,1.917,BACH1,MA1633.2,1.9,4.53
human_enhancers_ensembl,6,29,AGTCAT,4044.42,NFE2,1.917,JDP2,MA0655.1,1.886,4.26
human_enhancers_ensembl,6,29,AGTCAT,4044.42,NFE2,1.917,JUNB,MA0490.3,1.812,4.85
human_enhancers_ensembl,6,29,AGTCAT,4044.42,NFE2,1.917,FOS::JUND,MA1141.2,1.811,4.68
human_enhancers_ensembl,6,29,AGTCAT,4044.42,NFE2,1.917,JUND,MA0491.3,1.789,4.6
human_enhancers_ensembl,6,29,AGTCAT,4044.42,NFE2,1.917,FOSL1,MA0477.3,1.786,4.67
human_enhancers_ensembl,6,29,AGTCAT,4044.42,NFE2,1.917,FOSL1::JUN,MA1128.2,1.771,4.4
human_enhancers_ensembl,6,30,TTGAAC,3903.47,NR6A1,1.707,,,,
human_enhancers_ensembl,6,31,CAGCCC,3769.98,ZNF449,1.559,,,,
human_enhancers_ensembl,6,32,TGACGT,3472.64,ATF6,1.992,BACH2,MA1470.2,1.928,3.15
human_enhancers_ensembl,6,32,TGACGT,3472.64,ATF6,1.992,FOSL1::JUND,MA1143.2,1.593,2.23
human_enhancers_ensembl,6,33,TATAAT,3340.65,ZNF35,1.212,,,,
human_enhancers_ensembl,6,34,ATTTCC,3307.35,ETV2,1.802,ERF::SREBF2,MA1939.2,1.737,3.16
human_enhancers_ensembl,6,34,ATTTCC,3307.35,ETV2,1.802,RELA,MA0107.1,1.696,3.26
human_enhancers_ensembl,6,35,TAATTT,3202.12,PHOX2B,1.82,PHOX2B,MA0681.3,1.82,5.38
human_enhancers_ensembl,6,35,TAATTT,3202.12,PHOX2B,1.82,POU2F2,MA0507.3,1.683,2.38
human_enhancers_ensembl,6,35,TAATTT,3202.12,PHOX2B,1.82,Lhx3,MA0135.2,1.637,4.9
human_enhancers_ensembl,6,35,TAATTT,3202.12,PHOX2B,1.82,PROP1,MA0715.1,1.631,3.7
human_enhancers_ensembl,6,35,TAATTT,3202.12,PHOX2B,1.82,POU3F2,MA0787.1,1.506,2.48
human_enhancers_ensembl,6,36,ATGACT,3142.88,NFE2,1.917,NFE2,MA0841.2,1.917,3.15
human_enhancers_ensembl,6,36,ATGACT,3142.88,NFE2,1.917,BACH1,MA1633.2,1.9,4.53
human_enhancers_ensembl,6,36,ATGACT,3142.88,NFE2,1.917,JDP2,MA0655.1,1.886,4.26
human_enhancers_ensembl,6,36,ATGACT,3142.88,NFE2,1.917,JUNB,MA0490.3,1.812,4.85
human_enhancers_ensembl,6,36,ATGACT,3142.88,NFE2,1.917,FOS::JUND,MA1141.2,1.811,4.68
human_enhancers_ensembl,6,36,ATGACT,3142.88,NFE2,1.917,JUND,MA0491.3,1.789,4.6
human_enhancers_ensembl,6,36,ATGACT,3142.88,NFE2,1.917,FOSL1,MA0477.3,1.786,4.67
human_enhancers_ensembl,6,36,ATGACT,3142.88,NFE2,1.917,FOSL1::JUN,MA1128.2,1.771,4.4
human_enhancers_ensembl,6,37,GGAAAT,3124.21,ETV2,1.802,ERF::SREBF2,MA1939.2,1.737,3.16
human_enhancers_ensembl,6,37,GGAAAT,3124.21,ETV2,1.802,RELA,MA0107.1,1.696,3.26
human_enhancers_ensembl,6,38,TTGTAT,3104.12,DMRTC2,1.349,,,,
human_enhancers_ensembl,6,39,ATACAA,3050.07,DMRTC2,1.349,,,,
human_enhancers_ensembl,6,40,AGTCAC,2994.85,FOSL2,1.674,FOS::JUND,MA1141.2,1.632,4.68
human_enhancers_ensembl,6,40,AGTCAC,2994.85,FOSL2,1.674,ERF::SREBF2,MA1939.2,1.631,3.16
human_enhancers_ensembl,6,40,AGTCAC,2994.85,FOSL2,1.674,FOSL1::JUN,MA1128.2,1.589,4.4
human_enhancers_ensembl,6,40,AGTCAC,2994.85,FOSL2,1.674,FOSB::JUNB,MA1135.2,1.584,5.25
human_enhancers_ensembl,6,40,AGTCAC,2994.85,FOSL2,1.674,FOSL2::JUN,MA1130.2,1.575,5.36
human_enhancers_ensembl,6,40,AGTCAC,2994.85,FOSL2,1.674,FOSL2::JUNB,MA1138.2,1.574,5.52
human_enhancers_ensembl,6,40,AGTCAC,2994.85,FOSL2,1.674,FOS::JUN,MA0099.4,1.568,5.16
human_enhancers_ensembl,6,40,AGTCAC,2994.85,FOSL2,1.674,FOS::JUNB,MA1134.2,1.562,5.04
human_enhancers_ensembl,6,41,GTGACT,2980.02,FOSL2,1.674,FOS::JUND,MA1141.2,1.632,4.68
human_enhancers_ensembl,6,41,GTGACT,2980.02,FOSL2,1.674,ERF::SREBF2,MA1939.2,1.631,3.16
human_enhancers_ensembl,6,41,GTGACT,2980.02,FOSL2,1.674,FOSL1::JUN,MA1128.2,1.589,4.4
human_enhancers_ensembl,6,41,GTGACT,2980.02,FOSL2,1.674,FOSB::JUNB,MA1135.2,1.584,5.25
human_enhancers_ensembl,6,41,GTGACT,2980.02,FOSL2,1.674,FOSL2::JUN,MA1130.2,1.575,5.36
human_enhancers_ensembl,6,41,GTGACT,2980.02,FOSL2,1.674,FOSL2::JUNB,MA1138.2,1.574,5.52
human_enhancers_ensembl,6,41,GTGACT,2980.02,FOSL2,1.674,FOS::JUN,MA0099.4,1.568,5.16
human_enhancers_ensembl,6,41,GTGACT,2980.02,FOSL2,1.674,FOS::JUNB,MA1134.2,1.562,5.04
human_enhancers_ensembl,6,42,TTTATT,2948.6,HOXB13,1.904,HOXB13,MA0901.3,1.904,4.24
human_enhancers_ensembl,6,42,TTTATT,2948.6,HOXB13,1.904,Hoxd13,MA0909.4,1.903,4.36
human_enhancers_ensembl,6,42,TTTATT,2948.6,HOXB13,1.904,CDX2,MA0465.3,1.885,4.37
human_enhancers_ensembl,6,42,TTTATT,2948.6,HOXB13,1.904,Hoxa13,MA0650.4,1.878,3.71
human_enhancers_ensembl,6,42,TTTATT,2948.6,HOXB13,1.904,CDX4,MA1473.2,1.847,2.76
human_enhancers_ensembl,6,42,TTTATT,2948.6,HOXB13,1.904,CDX1,MA0878.3,1.828,2.36
human_enhancers_ensembl,6,42,TTTATT,2948.6,HOXB13,1.904,HOXD9,MA0913.3,1.799,2.53
human_enhancers_ensembl,6,42,TTTATT,2948.6,HOXB13,1.904,FOXD3,MA0041.3,1.745,6.0
human_enhancers_ensembl,6,43,TTCCTC,2939.41,Spi1,1.853,Spi1,MA0080.7,1.853,3.61
human_enhancers_ensembl,6,43,TTCCTC,2939.41,Spi1,1.853,SPIB,MA0081.3,1.821,3.09
human_enhancers_ensembl,6,43,TTCCTC,2939.41,Spi1,1.853,SPIC,MA0687.2,1.548,3.56
human_enhancers_ensembl,6,43,TTCCTC,2939.41,Spi1,1.853,ELF3,MA0640.3,1.535,4.22
human_enhancers_ensembl,6,43,TTCCTC,2939.41,Spi1,1.853,EHF,MA0598.4,1.527,3.99
human_enhancers_ensembl,6,43,TTCCTC,2939.41,Spi1,1.853,BCL6B,MA0731.1,1.503,3.4
human_enhancers_ensembl,6,44,CCCCGC,2883.76,KLF12,1.883,,,,
human_enhancers_ensembl,6,45,GAGGAA,2856.51,Spi1,1.853,Spi1,MA0080.7,1.853,3.61
human_enhancers_ensembl,6,45,GAGGAA,2856.51,Spi1,1.853,SPIB,MA0081.3,1.821,3.09
human_enhancers_ensembl,6,45,GAGGAA,2856.51,Spi1,1.853,SPIC,MA0687.2,1.548,3.56
human_enhancers_ensembl,6,45,GAGGAA,2856.51,Spi1,1.853,ELF3,MA0640.3,1.535,4.22
human_enhancers_ensembl,6,45,GAGGAA,2856.51,Spi1,1.853,EHF,MA0598.4,1.527,3.99
human_enhancers_ensembl,6,45,GAGGAA,2856.51,Spi1,1.853,BCL6B,MA0731.1,1.503,3.4
human_enhancers_ensembl,6,46,TTTGTA,2705.56,Dmrt1,1.747,Dmrt1,MA1603.2,1.747,2.4
human_enhancers_ensembl,6,47,CCGGAA,2661.57,ELK1,1.964,ELK1::HOXB13,MA1932.2,1.915,3.34
human_enhancers_ensembl,6,47,CCGGAA,2661.57,ELK1,1.964,ELK4,MA0076.3,1.915,2.79
human_enhancers_ensembl,6,47,CCGGAA,2661.57,ELK1,1.964,ELK1::HOXA1,MA1931.1,1.889,3.73
human_enhancers_ensembl,6,47,CCGGAA,2661.57,ELK1,1.964,HOXB2::ELK1,MA1957.1,1.869,3.35
human_enhancers_ensembl,6,47,CCGGAA,2661.57,ELK1,1.964,ETV2::HOXB13,MA1943.2,1.777,4.43
human_enhancers_ensembl,6,47,CCGGAA,2661.57,ELK1,1.964,FLI1::DRGX,MA1949.2,1.735,4.56
human_enhancers_ensembl,6,47,CCGGAA,2661.57,ELK1,1.964,ETV6,MA0645.2,1.65,4.35
human_enhancers_ensembl,6,47,CCGGAA,2661.57,ELK1,1.964,ERF::SREBF2,MA1939.2,1.619,3.16
human_enhancers_ensembl,6,48,CCTGTA,2650.14,ERF::FOXO1,1.397,,,,
human_enhancers_ensembl,6,49,ATATTA,2641.38,Arid5a,1.713,Arid5a,MA0602.2,1.713,4.03
human_enhancers_ensembl,6,49,ATATTA,2641.38,Arid5a,1.713,ZNF410,MA0752.2,1.663,3.4
human_enhancers_ensembl,6,50,TTTAAT,2639.24,Arid3a,1.744,Arid3a,MA0151.1,1.744,3.17
human_enhancers_ensembl,6,50,TTTAAT,2639.24,Arid3a,1.744,Dux,MA0611.3,1.669,4.23
human_enhancers_ensembl,6,50,TTTAAT,2639.24,Arid3a,1.744,PROP1,MA0715.1,1.588,3.7
human_enhancers_ensembl,6,50,TTTAAT,2639.24,Arid3a,1.744,Arid3b,MA0601.2,1.582,4.45
human_enhancers_ensembl,6,50,TTTAAT,2639.24,Arid3a,1.744,HOXD9,MA0913.3,1.581,2.53
human_enhancers_ensembl,6,50,TTTAAT,2639.24,Arid3a,1.744,POU4F2,MA0683.2,1.55,4.87
human_enhancers_ensembl,6,50,TTTAAT,2639.24,Arid3a,1.744,PHOX2B,MA0681.3,1.54,5.38
human_enhancers_ensembl,6,50,TTTAAT,2639.24,Arid3a,1.744,DUXA,MA0884.2,1.509,2.55
human_ocr_ensembl,6,1,CAGCTG,24705.84,BHLHE22,1.995,TFAP4,MA0691.1,1.987,3.1
human_ocr_ensembl,6,1,CAGCTG,24705.84,BHLHE22,1.995,Tcf21,MA0832.2,1.981,4.36
human_ocr_ensembl,6,1,CAGCTG,24705.84,BHLHE22,1.995,MYOG,MA0500.3,1.971,3.11
human_ocr_ensembl,6,1,CAGCTG,24705.84,BHLHE22,1.995,MYF5,MA1641.2,1.952,3.86
human_ocr_ensembl,6,1,CAGCTG,24705.84,BHLHE22,1.995,Tcf12,MA0521.3,1.952,3.59
human_ocr_ensembl,6,1,CAGCTG,24705.84,BHLHE22,1.995,Bhlha15,MA1472.3,1.946,3.92
human_ocr_ensembl,6,1,CAGCTG,24705.84,BHLHE22,1.995,Ptf1A,MA1619.2,1.945,3.03
human_ocr_ensembl,6,1,CAGCTG,24705.84,BHLHE22,1.995,Ascl2,MA0816.1,1.932,5.33
human_ocr_ensembl,6,2,CATCTG,13262.51,HAND2,1.965,HAND2,MA1638.2,1.965,2.97
human_ocr_ensembl,6,2,CATCTG,13262.51,HAND2,1.965,ZBTB18,MA0698.2,1.961,3.39
human_ocr_ensembl,6,2,CATCTG,13262.51,HAND2,1.965,Atoh1,MA1467.3,1.934,4.76
human_ocr_ensembl,6,2,CATCTG,13262.51,HAND2,1.965,NEUROD1,MA1109.2,1.929,4.46
human_ocr_ensembl,6,2,CATCTG,13262.51,HAND2,1.965,Neurod2,MA0668.3,1.928,4.39
human_ocr_ensembl,6,2,CATCTG,13262.51,HAND2,1.965,NEUROG2,MA1642.2,1.927,5.29
human_ocr_ensembl,6,2,CATCTG,13262.51,HAND2,1.965,TWIST1,MA1123.3,1.911,4.9
human_ocr_ensembl,6,2,CATCTG,13262.51,HAND2,1.965,Ptf1A,MA1618.2,1.903,5.63
human_ocr_ensembl,6,3,CAGATG,10690.88,HAND2,1.965,HAND2,MA1638.2,1.965,2.97
human_ocr_ensembl,6,3,CAGATG,10690.88,HAND2,1.965,ZBTB18,MA0698.2,1.961,3.39
human_ocr_ensembl,6,3,CAGATG,10690.88,HAND2,1.965,Atoh1,MA1467.3,1.934,4.76
human_ocr_ensembl,6,3,CAGATG,10690.88,HAND2,1.965,NEUROD1,MA1109.2,1.929,4.46
human_ocr_ensembl,6,3,CAGATG,10690.88,HAND2,1.965,Neurod2,MA0668.3,1.928,4.39
human_ocr_ensembl,6,3,CAGATG,10690.88,HAND2,1.965,NEUROG2,MA1642.2,1.927,5.29
human_ocr_ensembl,6,3,CAGATG,10690.88,HAND2,1.965,TWIST1,MA1123.3,1.911,4.9
human_ocr_ensembl,6,3,CAGATG,10690.88,HAND2,1.965,Ptf1A,MA1618.2,1.903,5.63
human_ocr_ensembl,6,4,GAGTCA,8513.77,BACH1,1.937,BATF3,MA0835.3,1.882,2.72
human_ocr_ensembl,6,4,GAGTCA,8513.77,BACH1,1.937,BATF::JUN,MA0462.3,1.86,2.63
human_ocr_ensembl,6,4,GAGTCA,8513.77,BACH1,1.937,Atf3,MA1988.2,1.858,2.55
human_ocr_ensembl,6,4,GAGTCA,8513.77,BACH1,1.937,BATF,MA1634.2,1.849,2.67
human_ocr_ensembl,6,4,GAGTCA,8513.77,BACH1,1.937,FOS,MA0476.2,1.803,2.68
human_ocr_ensembl,6,5,TGACTC,7689.98,BACH1,1.937,BATF3,MA0835.3,1.882,2.72
human_ocr_ensembl,6,5,TGACTC,7689.98,BACH1,1.937,BATF::JUN,MA0462.3,1.86,2.63
human_ocr_ensembl,6,5,TGACTC,7689.98,BACH1,1.937,Atf3,MA1988.2,1.858,2.55
human_ocr_ensembl,6,5,TGACTC,7689.98,BACH1,1.937,BATF,MA1634.2,1.849,2.67
human_ocr_ensembl,6,5,TGACTC,7689.98,BACH1,1.937,FOS,MA0476.2,1.803,2.68
human_ocr_ensembl,6,6,AAAATT,7596.19,SOX21,1.315,,,,
human_ocr_ensembl,6,7,GTTTCA,6524.01,Prdm4,1.852,Prdm4,MA1647.3,1.852,3.19
human_ocr_ensembl,6,7,GTTTCA,6524.01,Prdm4,1.852,SIX2,MA1119.2,1.708,5.3
human_ocr_ensembl,6,7,GTTTCA,6524.01,Prdm4,1.852,STAT1::STAT2,MA0517.2,1.689,3.46
human_ocr_ensembl,6,7,GTTTCA,6524.01,Prdm4,1.852,Irf1,MA0050.4,1.638,4.77
human_ocr_ensembl,6,8,TATATA,6034.9,ZNF211,1.794,TBP,MA0108.3,1.584,4.96
human_ocr_ensembl,6,9,ATATAT,5521.89,SRF,1.881,,,,
human_ocr_ensembl,6,10,GACTCA,5473.5,BACH1,1.937,BATF3,MA0835.3,1.878,2.72
human_ocr_ensembl,6,10,GACTCA,5473.5,BACH1,1.937,BATF::JUN,MA0462.3,1.857,2.63
human_ocr_ensembl,6,10,GACTCA,5473.5,BACH1,1.937,Atf3,MA1988.2,1.853,2.55
human_ocr_ensembl,6,10,GACTCA,5473.5,BACH1,1.937,BATF,MA1634.2,1.846,2.67
human_ocr_ensembl,6,10,GACTCA,5473.5,BACH1,1.937,FOS,MA0476.2,1.803,2.68
human_ocr_ensembl,6,10,GACTCA,5473.5,BACH1,1.937,ZNF274,MA1592.2,1.636,2.74
human_ocr_ensembl,6,11,TAATTT,4975.89,PHOX2B,1.82,PHOX2B,MA0681.3,1.82,6.45
human_ocr_ensembl,6,11,TAATTT,4975.89,PHOX2B,1.82,POU2F2,MA0507.3,1.683,4.22
human_ocr_ensembl,6,11,TAATTT,4975.89,PHOX2B,1.82,POU1F1,MA0784.3,1.681,3.91
human_ocr_ensembl,6,11,TAATTT,4975.89,PHOX2B,1.82,Lhx3,MA0135.2,1.637,4.55
human_ocr_ensembl,6,11,TAATTT,4975.89,PHOX2B,1.82,PROP1,MA0715.1,1.631,2.88
human_ocr_ensembl,6,11,TAATTT,4975.89,PHOX2B,1.82,POU3F2,MA0787.1,1.506,4.14
human_ocr_ensembl,6,12,AATTTT,4806.24,SOX21,1.315,,,,
human_ocr_ensembl,6,13,TAAAAA,4726.71,Hmga1,1.921,Hmga1,MA2124.1,1.921,4.61
human_ocr_ensembl,6,13,TAAAAA,4726.71,Hmga1,1.921,MEF2D,MA0773.1,1.779,3.31
human_ocr_ensembl,6,13,TAAAAA,4726.71,Hmga1,1.921,MEF2A,MA0052.5,1.753,4.41
human_ocr_ensembl,6,13,TAAAAA,4726.71,Hmga1,1.921,MEF2B,MA0660.1,1.753,3.36
human_ocr_ensembl,6,13,TAAAAA,4726.71,Hmga1,1.921,MEF2C,MA0497.2,1.692,3.35
human_ocr_ensembl,6,14,CTGCTG,4535.24,Zic1::Zic2,1.912,ZNF317,MA1593.2,1.853,3.84
human_ocr_ensembl,6,15,TGAGTC,4521.78,BACH1,1.937,BATF3,MA0835.3,1.878,2.72
human_ocr_ensembl,6,15,TGAGTC,4521.78,BACH1,1.937,BATF::JUN,MA0462.3,1.857,2.63
human_ocr_ensembl,6,15,TGAGTC,4521.78,BACH1,1.937,Atf3,MA1988.2,1.853,2.55
human_ocr_ensembl,6,15,TGAGTC,4521.78,BACH1,1.937,BATF,MA1634.2,1.846,2.67
human_ocr_ensembl,6,15,TGAGTC,4521.78,BACH1,1.937,FOS,MA0476.2,1.803,2.68
human_ocr_ensembl,6,15,TGAGTC,4521.78,BACH1,1.937,ZNF274,MA1592.2,1.636,2.74
human_ocr_ensembl,6,16,TTTTTG,4412.74,MEF2C,1.639,MEF2C,MA0497.2,1.639,3.35
human_ocr_ensembl,6,17,TTGAAC,4240.36,NR6A1,1.707,RXRG,MA0856.1,1.511,2.32
human_ocr_ensembl,6,18,TGAAAC,4074.35,Prdm4,1.852,Prdm4,MA1647.3,1.852,3.19
human_ocr_ensembl,6,18,TGAAAC,4074.35,Prdm4,1.852,SIX2,MA1119.2,1.708,5.3
human_ocr_ensembl,6,18,TGAAAC,4074.35,Prdm4,1.852,STAT1::STAT2,MA0517.2,1.689,3.46
human_ocr_ensembl,6,18,TGAAAC,4074.35,Prdm4,1.852,Irf1,MA0050.4,1.638,4.77
human_ocr_ensembl,6,19,CAGCAG,3372.07,Zic1::Zic2,1.912,ZNF317,MA1593.2,1.853,3.84
human_ocr_ensembl,6,20,GTGGTT,3350.63,Bcl11B,1.843,,,,
human_ocr_ensembl,6,21,AACCAC,3271.22,Bcl11B,1.843,,,,
human_ocr_ensembl,6,22,GGAGGC,3199.17,ZNF460,1.959,,,,
human_ocr_ensembl,6,23,ACCACA,2967.44,ZNF8,1.895,,,,
human_ocr_ensembl,6,24,ATAAAA,2881.99,HOXB13,1.917,HOXB13,MA0901.3,1.917,3.65
human_ocr_ensembl,6,24,ATAAAA,2881.99,HOXB13,1.917,Hmga1,MA2124.1,1.739,4.61
human_ocr_ensembl,6,24,ATAAAA,2881.99,HOXB13,1.917,TBP,MA0108.3,1.696,4.96
human_ocr_ensembl,6,25,AGTCAT,2778.13,NFE2,1.917,FOS,MA0476.2,1.696,2.68
human_ocr_ensembl,6,26,GGTGGG,2650.05,KLF4,1.815,,,,
human_ocr_ensembl,6,27,TATTTT,2644.22,MEF2C,1.892,MEF2C,MA0497.2,1.892,3.35
human_ocr_ensembl,6,27,TATTTT,2644.22,MEF2C,1.892,MEF2A,MA0052.5,1.857,4.41
human_ocr_ensembl,6,27,TATTTT,2644.22,MEF2C,1.892,MEF2D,MA0773.1,1.78,3.31
human_ocr_ensembl,6,27,TATTTT,2644.22,MEF2C,1.892,MEF2B,MA0660.1,1.755,3.36
human_ocr_ensembl,6,28,GCCTCC,2473.15,ZNF460,1.959,,,,
human_ocr_ensembl,6,29,ACAGCT,2453.82,Tcf21,1.967,Tcf21,MA0832.2,1.967,4.36
human_ocr_ensembl,6,29,ACAGCT,2453.82,Tcf21,1.967,TGIF1,MA0796.1,1.919,6.31
human_ocr_ensembl,6,29,ACAGCT,2453.82,Tcf21,1.967,Bhlha15,MA1472.3,1.866,3.92
human_ocr_ensembl,6,29,ACAGCT,2453.82,Tcf21,1.967,MSC,MA0665.1,1.862,2.47
human_ocr_ensembl,6,29,ACAGCT,2453.82,Tcf21,1.967,MYF5,MA1641.2,1.861,3.86
human_ocr_ensembl,6,29,ACAGCT,2453.82,Tcf21,1.967,FERD3L,MA1485.1,1.839,4.08
human_ocr_ensembl,6,29,ACAGCT,2453.82,Tcf21,1.967,TFAP4,MA0691.1,1.837,3.1
human_ocr_ensembl,6,29,ACAGCT,2453.82,Tcf21,1.967,Ptf1A,MA1619.2,1.826,3.03
human_ocr_ensembl,6,30,CTGAAA,2418.9,ZSCAN4,1.784,Irf1,MA0050.4,1.741,4.77
human_ocr_ensembl,6,31,AAATAT,2391.56,FOXB1,1.644,FOXB1,MA0845.1,1.644,4.07
human_ocr_ensembl,6,31,AAATAT,2391.56,FOXB1,1.644,FOXC1,MA0032.2,1.603,3.41
human_ocr_ensembl,6,31,AAATAT,2391.56,FOXB1,1.644,POU4F2,MA0683.2,1.561,4.89
human_ocr_ensembl,6,31,AAATAT,2391.56,FOXB1,1.644,Arid5a,MA0602.2,1.52,5.01
human_ocr_ensembl,6,32,GAAACT,2281.5,IRF6,1.91,STAT1::STAT2,MA0517.2,1.814,3.46
human_ocr_ensembl,6,32,GAAACT,2281.5,IRF6,1.91,Prdm4,MA1647.3,1.751,3.19
human_ocr_ensembl,6,32,GAAACT,2281.5,IRF6,1.91,Irf1,MA0050.4,1.728,4.77
human_ocr_ensembl,6,33,TGTGGT,2220.16,ZNF8,1.895,,,,
human_ocr_ensembl,6,34,TTTCAG,2164.68,ZSCAN4,1.784,Irf1,MA0050.4,1.741,4.77
human_ocr_ensembl,6,35,CATGTG,2041.29,MXI1,1.953,MXI1,MA1108.3,1.953,3.3
human_ocr_ensembl,6,36,TTTGGG,1980.21,RREB1,1.507,,,,
human_ocr_ensembl,6,37,CAAAAA,1961.94,MEF2C,1.639,MEF2C,MA0497.2,1.639,3.35
human_ocr_ensembl,6,38,CCAGGG,1959.04,EBF1,1.814,,,,
human_ocr_ensembl,6,39,AGTTTC,1936.55,IRF6,1.91,STAT1::STAT2,MA0517.2,1.814,3.46
human_ocr_ensembl,6,39,AGTTTC,1936.55,IRF6,1.91,Prdm4,MA1647.3,1.751,3.19
human_ocr_ensembl,6,39,AGTTTC,1936.55,IRF6,1.91,Irf1,MA0050.4,1.728,4.77
human_ocr_ensembl,6,40,CCCACC,1884.75,KLF4,1.815,,,,
human_ocr_ensembl,6,41,ATAATA,1849.62,ZNF410,1.992,,,,
human_ocr_ensembl,6,42,ATGACT,1844.09,NFE2,1.917,FOS,MA0476.2,1.696,2.68
human_ocr_ensembl,6,43,CAGGTA,1754.18,SCRT2,1.467,,,,
human_ocr_ensembl,6,44,TCAGTT,1745.76,Irf1,1.759,Irf1,MA0050.4,1.759,4.77
human_ocr_ensembl,6,45,TGAAAG,1727.59,ZNF558,1.867,ZNF558,MA2335.1,1.867,5.82
human_ocr_ensembl,6,45,TGAAAG,1727.59,ZNF558,1.867,TCF7L2,MA0523.2,1.545,3.32
human_ocr_ensembl,6,46,ATTCTC,1685.88,ZNF701,1.218,,,,
human_ocr_ensembl,6,47,TAAAAT,1678.97,MEF2C,1.384,,,,
human_ocr_ensembl,6,48,AAATTA,1652.42,PHOX2B,1.82,PHOX2B,MA0681.3,1.82,6.45
human_ocr_ensembl,6,48,AAATTA,1652.42,PHOX2B,1.82,POU2F2,MA0507.3,1.683,4.22
human_ocr_ensembl,6,48,AAATTA,1652.42,PHOX2B,1.82,POU1F1,MA0784.3,1.681,3.91
human_ocr_ensembl,6,48,AAATTA,1652.42,PHOX2B,1.82,Lhx3,MA0135.2,1.637,4.55
human_ocr_ensembl,6,48,AAATTA,1652.42,PHOX2B,1.82,PROP1,MA0715.1,1.631,2.88
human_ocr_ensembl,6,48,AAATTA,1652.42,PHOX2B,1.82,POU3F2,MA0787.1,1.506,4.14
human_ocr_ensembl,6,49,AAAATA,1651.38,MEF2C,1.892,MEF2C,MA0497.2,1.892,3.35
human_ocr_ensembl,6,49,AAAATA,1651.38,MEF2C,1.892,MEF2A,MA0052.5,1.857,4.41
human_ocr_ensembl,6,49,AAAATA,1651.38,MEF2C,1.892,MEF2D,MA0773.1,1.78,3.31
human_ocr_ensembl,6,49,AAAATA,1651.38,MEF2C,1.892,MEF2B,MA0660.1,1.755,3.36
human_ocr_ensembl,6,50,GACCCC,1649.94,GLIS1,1.97,RXRB,MA0855.1,1.744,2.37
human_ocr_ensembl,6,50,GACCCC,1649.94,GLIS1,1.97,RXRG,MA0856.1,1.695,2.32
human_ensembl_regulatory,5,1,AGGAA,335818.04,BCL6B,1.989,EWSR1-FLI1,MA0149.1,1.952,3.06
human_ensembl_regulatory,5,1,AGGAA,335818.04,BCL6B,1.989,Elf5,MA0136.4,1.938,2.62
human_ensembl_regulatory,5,1,AGGAA,335818.04,BCL6B,1.989,Erg,MA0474.4,1.924,4.38
human_ensembl_regulatory,5,1,AGGAA,335818.04,BCL6B,1.989,ELF3,MA0640.3,1.919,3.59
human_ensembl_regulatory,5,1,AGGAA,335818.04,BCL6B,1.989,ELF1,MA0473.4,1.919,3.78
human_ensembl_regulatory,5,1,AGGAA,335818.04,BCL6B,1.989,IKZF1,MA1508.2,1.916,4.14
human_ensembl_regulatory,5,1,AGGAA,335818.04,BCL6B,1.989,ETV1,MA0761.3,1.909,4.25
human_ensembl_regulatory,5,1,AGGAA,335818.04,BCL6B,1.989,EHF,MA0598.4,1.906,3.38
human_ensembl_regulatory,5,2,CCCGG,189021.38,ELF4,1.848,ELF4,MA0641.1,1.848,3.7
human_ensembl_regulatory,5,2,CCCGG,189021.38,ELF4,1.848,SPDEF,MA0686.2,1.788,2.99
human_ensembl_regulatory,5,2,CCCGG,189021.38,ELF4,1.848,ELF2,MA1483.3,1.7,4.21
human_ensembl_regulatory,5,2,CCCGG,189021.38,ELF4,1.848,STAT1,MA0137.4,1.539,3.74
human_ensembl_regulatory,5,3,CCGGG,185412.41,ELF4,1.848,ELF4,MA0641.1,1.848,3.7
human_ensembl_regulatory,5,3,CCGGG,185412.41,ELF4,1.848,SPDEF,MA0686.2,1.788,2.99
human_ensembl_regulatory,5,3,CCGGG,185412.41,ELF4,1.848,ELF2,MA1483.3,1.7,4.21
human_ensembl_regulatory,5,3,CCGGG,185412.41,ELF4,1.848,STAT1,MA0137.4,1.539,3.74
human_ensembl_regulatory,5,4,TTTCA,130393.3,ZNF558,1.862,ZSCAN4,MA1155.1,1.743,2.76
human_ensembl_regulatory,5,5,TGAAA,101096.39,ZNF558,1.862,ZSCAN4,MA1155.1,1.743,2.76
human_ensembl_regulatory,5,6,GTTTC,90676.96,IRF4,1.984,TFAP4::FLI1,MA1967.2,1.831,4.35
human_ensembl_regulatory,5,6,GTTTC,90676.96,IRF4,1.984,ETV2::FIGLA,MA1941.2,1.686,3.2
human_ensembl_regulatory,5,6,GTTTC,90676.96,IRF4,1.984,ERF::FIGLA,MA1934.2,1.662,2.88
human_ensembl_regulatory,5,6,GTTTC,90676.96,IRF4,1.984,ETV5::FIGLA,MA1945.2,1.559,3.93
human_ensembl_regulatory,5,7,GAAAC,78330.53,IRF4,1.984,TFAP4::FLI1,MA1967.2,1.831,4.35
human_ensembl_regulatory,5,7,GAAAC,78330.53,IRF4,1.984,ETV2::FIGLA,MA1941.2,1.686,3.2
human_ensembl_regulatory,5,7,GAAAC,78330.53,IRF4,1.984,ERF::FIGLA,MA1934.2,1.662,2.88
human_ensembl_regulatory,5,7,GAAAC,78330.53,IRF4,1.984,ETV5::FIGLA,MA1945.2,1.559,3.93
human_ensembl_regulatory,5,8,CTTTG,77945.91,HNF4A,1.977,,,,
human_ensembl_regulatory,5,9,GGCGC,76088.07,ZNF417,1.974,,,,
human_ensembl_regulatory,5,10,CCTTT,63687.64,HNF4A,1.96,ZNF530,MA1981.2,1.521,2.71
human_ensembl_regulatory,5,11,TTCTG,60620.2,ZIM3,1.939,Stat5b,MA1625.2,1.798,3.37
human_ensembl_regulatory,5,11,TTCTG,60620.2,ZIM3,1.939,Stat5a::Stat5b,MA0519.2,1.552,4.23
human_ensembl_regulatory,5,11,TTCTG,60620.2,ZIM3,1.939,STAT3,MA0144.3,1.53,2.79
human_ensembl_regulatory,5,12,TTAAA,55826.58,MYBL2,1.812,,,,
human_ensembl_regulatory,5,13,TGCCT,53578.74,Zfp335,1.881,Zfp335,MA2002.2,1.881,3.0
human_ensembl_regulatory,5,13,TGCCT,53578.74,Zfp335,1.881,ZNF257,MA1710.2,1.67,4.02
human_ensembl_regulatory,5,13,TGCCT,53578.74,Zfp335,1.881,ZNF213,MA2121.1,1.578,3.86
human_ensembl_regulatory,5,14,TTTAA,51512.05,MYBL2,1.812,,,,
human_ensembl_regulatory,5,15,GGAGG,49362.06,SP5,1.987,ZNF460,MA1596.1,1.974,3.8
human_ensembl_regulatory,5,15,GGAGG,49362.06,SP5,1.987,ZNF148,MA1653.2,1.9,3.01
human_ensembl_regulatory,5,15,GGAGG,49362.06,SP5,1.987,ZNF281,MA1630.3,1.826,2.9
human_ensembl_regulatory,5,15,GGAGG,49362.06,SP5,1.987,ZFP14,MA1972.1,1.797,3.62
human_ensembl_regulatory,5,15,GGAGG,49362.06,SP5,1.987,Wt1,MA1627.2,1.796,2.8
human_ensembl_regulatory,5,15,GGAGG,49362.06,SP5,1.987,PRDM9,MA1723.2,1.693,3.38
human_ensembl_regulatory,5,15,GGAGG,49362.06,SP5,1.987,PATZ1,MA1961.2,1.684,3.66
human_ensembl_regulatory,5,15,GGAGG,49362.06,SP5,1.987,ZNF675,MA1714.2,1.654,2.58
human_ensembl_regulatory,5,16,CACTG,48985.38,ZSCAN4,1.744,ZSCAN4,MA1155.1,1.744,2.76
human_ensembl_regulatory,5,17,CGGGG,48202.28,ZIC5,1.888,SP2,MA0516.3,1.775,3.09
human_ensembl_regulatory,5,17,CGGGG,48202.28,ZIC5,1.888,KLF10,MA1511.2,1.765,2.75
human_ensembl_regulatory,5,17,CGGGG,48202.28,ZIC5,1.888,PATZ1,MA1961.2,1.751,3.66
human_ensembl_regulatory,5,17,CGGGG,48202.28,ZIC5,1.888,KLF14,MA0740.2,1.722,2.68
human_ensembl_regulatory,5,17,CGGGG,48202.28,ZIC5,1.888,SP1,MA0079.5,1.709,3.91
human_ensembl_regulatory,5,17,CGGGG,48202.28,ZIC5,1.888,KLF5,MA0599.1,1.545,2.87
human_ensembl_regulatory,5,18,GCGCC,46703.87,ZNF417,1.974,,,,
human_ensembl_regulatory,5,19,TGCTG,45960.32,NRL,1.943,ZNF549,MA1728.2,1.823,2.68
human_ensembl_regulatory,5,20,CATCT,45529.73,HAND2,1.96,,,,
human_ensembl_regulatory,5,21,CCCGC,45402.55,E2F7,1.993,E2F7,MA0758.1,1.993,3.94
human_ensembl_regulatory,5,21,CCCGC,45402.55,E2F7,1.993,SP2,MA0516.3,1.917,3.09
human_ensembl_regulatory,5,21,CCCGC,45402.55,E2F7,1.993,TFDP1,MA1122.2,1.914,3.8
human_ensembl_regulatory,5,21,CCCGC,45402.55,E2F7,1.993,E2F6,MA0471.3,1.877,4.45
human_ensembl_regulatory,5,21,CCCGC,45402.55,E2F7,1.993,E2F8,MA0865.3,1.861,2.83
human_ensembl_regulatory,5,21,CCCGC,45402.55,E2F7,1.993,KLF14,MA0740.2,1.809,2.68
human_ensembl_regulatory,5,21,CCCGC,45402.55,E2F7,1.993,KLF10,MA1511.2,1.8,2.75
human_ensembl_regulatory,5,21,CCCGC,45402.55,E2F7,1.993,PATZ1,MA1961.2,1.767,3.66
human_ensembl_regulatory,5,22,GGGCG,45098.21,KLF13,1.988,KLF14,MA0740.2,1.936,2.68
human_ensembl_regulatory,5,22,GGGCG,45098.21,KLF13,1.988,KLF10,MA1511.2,1.932,2.75
human_ensembl_regulatory,5,22,GGGCG,45098.21,KLF13,1.988,SP2,MA0516.3,1.908,3.09
human_ensembl_regulatory,5,22,GGGCG,45098.21,KLF13,1.988,SP1,MA0079.5,1.904,3.91
human_ensembl_regulatory,5,22,GGGCG,45098.21,KLF13,1.988,KLF5,MA0599.1,1.711,2.87
human_ensembl_regulatory,5,22,GGGCG,45098.21,KLF13,1.988,PATZ1,MA1961.2,1.697,3.66
human_ensembl_regulatory,5,23,CCTCC,43603.08,SP5,1.987,ZNF460,MA1596.1,1.974,3.8
human_ensembl_regulatory,5,23,CCTCC,43603.08,SP5,1.987,ZNF148,MA1653.2,1.9,3.01
human_ensembl_regulatory,5,23,CCTCC,43603.08,SP5,1.987,ZNF281,MA1630.3,1.826,2.9
human_ensembl_regulatory,5,23,CCTCC,43603.08,SP5,1.987,ZFP14,MA1972.1,1.797,3.62
human_ensembl_regulatory,5,23,CCTCC,43603.08,SP5,1.987,Wt1,MA1627.2,1.796,2.8
human_ensembl_regulatory,5,23,CCTCC,43603.08,SP5,1.987,PRDM9,MA1723.2,1.693,3.38
human_ensembl_regulatory,5,23,CCTCC,43603.08,SP5,1.987,PATZ1,MA1961.2,1.684,3.66
human_ensembl_regulatory,5,23,CCTCC,43603.08,SP5,1.987,ZNF675,MA1714.2,1.654,2.58
human_ensembl_regulatory,5,24,TCTGT,41703.32,ZSCAN16,1.996,,,,
human_ensembl_regulatory,5,25,CAGAA,40657.9,ZIM3,1.939,Stat5b,MA1625.2,1.798,3.37
human_ensembl_regulatory,5,25,CAGAA,40657.9,ZIM3,1.939,Stat5a::Stat5b,MA0519.2,1.552,4.23
human_ensembl_regulatory,5,25,CAGAA,40657.9,ZIM3,1.939,STAT3,MA0144.3,1.53,2.79
human_ensembl_regulatory,5,26,GCGGG,40163.63,E2F7,1.993,E2F7,MA0758.1,1.993,3.94
human_ensembl_regulatory,5,26,GCGGG,40163.63,E2F7,1.993,SP2,MA0516.3,1.917,3.09
human_ensembl_regulatory,5,26,GCGGG,40163.63,E2F7,1.993,TFDP1,MA1122.2,1.914,3.8
human_ensembl_regulatory,5,26,GCGGG,40163.63,E2F7,1.993,E2F6,MA0471.3,1.877,4.45
human_ensembl_regulatory,5,26,GCGGG,40163.63,E2F7,1.993,E2F8,MA0865.3,1.861,2.83
human_ensembl_regulatory,5,26,GCGGG,40163.63,E2F7,1.993,KLF14,MA0740.2,1.809,2.68
human_ensembl_regulatory,5,26,GCGGG,40163.63,E2F7,1.993,KLF10,MA1511.2,1.8,2.75
human_ensembl_regulatory,5,26,GCGGG,40163.63,E2F7,1.993,PATZ1,MA1961.2,1.767,3.66
human_ensembl_regulatory,5,27,TTCCT,39643.37,BCL6B,1.989,EWSR1-FLI1,MA0149.1,1.952,3.06
human_ensembl_regulatory,5,27,TTCCT,39643.37,BCL6B,1.989,Elf5,MA0136.4,1.938,2.62
human_ensembl_regulatory,5,27,TTCCT,39643.37,BCL6B,1.989,Erg,MA0474.4,1.924,4.38
human_ensembl_regulatory,5,27,TTCCT,39643.37,BCL6B,1.989,ELF3,MA0640.3,1.919,3.59
human_ensembl_regulatory,5,27,TTCCT,39643.37,BCL6B,1.989,ELF1,MA0473.4,1.919,3.78
human_ensembl_regulatory,5,27,TTCCT,39643.37,BCL6B,1.989,IKZF1,MA1508.2,1.916,4.14
human_ensembl_regulatory,5,27,TTCCT,39643.37,BCL6B,1.989,ETV1,MA0761.3,1.909,4.25
human_ensembl_regulatory,5,27,TTCCT,39643.37,BCL6B,1.989,EHF,MA0598.4,1.906,3.38
human_ensembl_regulatory,5,28,AGATG,38244.49,HAND2,1.96,,,,
human_ensembl_regulatory,5,29,GTCAT,38136.96,JUNB,1.946,,,,
human_ensembl_regulatory,5,30,CGCCC,38104.56,KLF13,1.988,KLF14,MA0740.2,1.936,2.68
human_ensembl_regulatory,5,30,CGCCC,38104.56,KLF13,1.988,KLF10,MA1511.2,1.932,2.75
human_ensembl_regulatory,5,30,CGCCC,38104.56,KLF13,1.988,SP2,MA0516.3,1.908,3.09
human_ensembl_regulatory,5,30,CGCCC,38104.56,KLF13,1.988,SP1,MA0079.5,1.904,3.91
human_ensembl_regulatory,5,30,CGCCC,38104.56,KLF13,1.988,KLF5,MA0599.1,1.711,2.87
human_ensembl_regulatory,5,30,CGCCC,38104.56,KLF13,1.988,PATZ1,MA1961.2,1.697,3.66
human_ensembl_regulatory,5,31,CAGCT,37529.07,BHLHE22,1.995,TFAP4::FLI1,MA1967.2,1.991,4.35
human_ensembl_regulatory,5,31,CAGCT,37529.07,BHLHE22,1.995,ERF::NHLH1,MA1938.2,1.863,4.02
human_ensembl_regulatory,5,31,CAGCT,37529.07,BHLHE22,1.995,ERF::FIGLA,MA1934.2,1.599,2.88
human_ensembl_regulatory,5,31,CAGCT,37529.07,BHLHE22,1.995,ETV2::FIGLA,MA1941.2,1.539,3.2
human_ensembl_regulatory,5,31,CAGCT,37529.07,BHLHE22,1.995,TFAP4::ETV1,MA1966.2,1.515,3.77
human_ensembl_regulatory,5,32,TCATG,37095.49,RARG,1.836,,,,
human_ensembl_regulatory,5,33,CCCCG,36825.33,ZIC5,1.888,SP2,MA0516.3,1.775,3.09
human_ensembl_regulatory,5,33,CCCCG,36825.33,ZIC5,1.888,KLF10,MA1511.2,1.765,2.75
human_ensembl_regulatory,5,33,CCCCG,36825.33,ZIC5,1.888,PATZ1,MA1961.2,1.751,3.66
human_ensembl_regulatory,5,33,CCCCG,36825.33,ZIC5,1.888,KLF14,MA0740.2,1.722,2.68
human_ensembl_regulatory,5,33,CCCCG,36825.33,ZIC5,1.888,SP1,MA0079.5,1.709,3.91
human_ensembl_regulatory,5,33,CCCCG,36825.33,ZIC5,1.888,KLF5,MA0599.1,1.545,2.87
human_ensembl_regulatory,5,34,CCGCC,36554.12,E2F7,1.989,E2F7,MA0758.1,1.989,3.94
human_ensembl_regulatory,5,34,CCGCC,36554.12,E2F7,1.989,SP2,MA0516.3,1.954,3.09
human_ensembl_regulatory,5,34,CCGCC,36554.12,E2F7,1.989,SP1,MA0079.5,1.878,3.91
human_ensembl_regulatory,5,34,CCGCC,36554.12,E2F7,1.989,E2F6,MA0471.3,1.856,4.45
human_ensembl_regulatory,5,34,CCGCC,36554.12,E2F7,1.989,KLF14,MA0740.2,1.841,2.68
human_ensembl_regulatory,5,34,CCGCC,36554.12,E2F7,1.989,KLF10,MA1511.2,1.827,2.75
human_ensembl_regulatory,5,34,CCGCC,36554.12,E2F7,1.989,PATZ1,MA1961.2,1.776,3.66
human_ensembl_regulatory,5,34,CCGCC,36554.12,E2F7,1.989,E2F8,MA0865.3,1.773,2.83
human_ensembl_regulatory,5,35,AAAGG,35395.74,HNF4A,1.96,ZNF530,MA1981.2,1.521,2.71
human_ensembl_regulatory,5,36,AGCTG,31991.64,BHLHE22,1.995,TFAP4::FLI1,MA1967.2,1.991,4.35
human_ensembl_regulatory,5,36,AGCTG,31991.64,BHLHE22,1.995,ERF::NHLH1,MA1938.2,1.863,4.02
human_ensembl_regulatory,5,36,AGCTG,31991.64,BHLHE22,1.995,ERF::FIGLA,MA1934.2,1.599,2.88
human_ensembl_regulatory,5,36,AGCTG,31991.64,BHLHE22,1.995,ETV2::FIGLA,MA1941.2,1.539,3.2
human_ensembl_regulatory,5,36,AGCTG,31991.64,BHLHE22,1.995,TFAP4::ETV1,MA1966.2,1.515,3.77
human_ensembl_regulatory,5,37,ACCCC,31362.44,GLIS1,1.997,INSM1,MA0155.1,1.519,4.23
human_ensembl_regulatory,5,38,CGGAG,31351.11,ZBED4,1.584,ZNF460,MA1596.1,1.525,3.8
human_ensembl_regulatory,5,39,CCCAG,30784.24,ZNF416,1.956,ZNF416,MA1979.2,1.956,3.51
human_ensembl_regulatory,5,39,CCCAG,30784.24,ZNF416,1.956,Zfp809,MA2125.1,1.93,3.79
human_ensembl_regulatory,5,39,CCCAG,30784.24,ZNF416,1.956,ZNF213,MA2121.1,1.825,3.86
human_ensembl_regulatory,5,39,CCCAG,30784.24,ZNF416,1.956,EBF1,MA0154.5,1.805,4.17
human_ensembl_regulatory,5,39,CCCAG,30784.24,ZNF416,1.956,Ebf4,MA2122.1,1.793,3.93
human_ensembl_regulatory,5,39,CCCAG,30784.24,ZNF416,1.956,Stat5b,MA1625.2,1.752,3.37
human_ensembl_regulatory,5,39,CCCAG,30784.24,ZNF416,1.956,ZBTB24,MA2330.1,1.682,2.71
human_ensembl_regulatory,5,39,CCCAG,30784.24,ZNF416,1.956,STAT3,MA0144.3,1.577,2.79
human_ensembl_regulatory,5,40,ATGTG,30475.47,MXI1,1.955,,,,
human_ensembl_regulatory,5,41,CTCCG,30080.68,ZBED4,1.584,ZNF460,MA1596.1,1.525,3.8
human_ensembl_regulatory,5,42,GGCGG,29753.87,E2F7,1.989,E2F7,MA0758.1,1.989,3.94
human_ensembl_regulatory,5,42,GGCGG,29753.87,E2F7,1.989,SP2,MA0516.3,1.954,3.09
human_ensembl_regulatory,5,42,GGCGG,29753.87,E2F7,1.989,SP1,MA0079.5,1.878,3.91
human_ensembl_regulatory,5,42,GGCGG,29753.87,E2F7,1.989,E2F6,MA0471.3,1.856,4.45
human_ensembl_regulatory,5,42,GGCGG,29753.87,E2F7,1.989,KLF14,MA0740.2,1.841,2.68
human_ensembl_regulatory,5,42,GGCGG,29753.87,E2F7,1.989,KLF10,MA1511.2,1.827,2.75
human_ensembl_regulatory,5,42,GGCGG,29753.87,E2F7,1.989,PATZ1,MA1961.2,1.776,3.66
human_ensembl_regulatory,5,42,GGCGG,29753.87,E2F7,1.989,E2F8,MA0865.3,1.773,2.83
human_ensembl_regulatory,5,43,AACCA,28903.7,Bcl11B,1.841,,,,
human_ensembl_regulatory,5,44,AGGGG,28830.14,MAZ,1.973,ZNF148,MA1653.2,1.909,3.01
human_ensembl_regulatory,5,44,AGGGG,28830.14,MAZ,1.973,CTCFL,MA1102.3,1.884,2.97
human_ensembl_regulatory,5,44,AGGGG,28830.14,MAZ,1.973,ZNF530,MA1981.2,1.809,2.71
human_ensembl_regulatory,5,44,AGGGG,28830.14,MAZ,1.973,INSM1,MA0155.1,1.788,4.23
human_ensembl_regulatory,5,44,AGGGG,28830.14,MAZ,1.973,ZNF281,MA1630.3,1.785,2.9
human_ensembl_regulatory,5,44,AGGGG,28830.14,MAZ,1.973,Ebf4,MA2122.1,1.755,3.93
human_ensembl_regulatory,5,44,AGGGG,28830.14,MAZ,1.973,EBF1,MA0154.5,1.74,4.17
human_ensembl_regulatory,5,44,AGGGG,28830.14,MAZ,1.973,PATZ1,MA1961.2,1.659,3.66
human_ensembl_regulatory,5,45,CCGCG,28147.59,ZBTB14,1.814,TFDP1,MA1122.2,1.617,3.8
human_ensembl_regulatory,5,46,CACAT,27460.11,MXI1,1.955,,,,
human_ensembl_regulatory,5,47,TGCAT,27413.69,ZNF143,1.933,,,,
human_ensembl_regulatory,5,48,AAACG,24646.27,BARHL1,1.879,,,,
human_ensembl_regulatory,5,49,CAGCA,23885.52,NRL,1.943,ZNF549,MA1728.2,1.823,2.68
human_ensembl_regulatory,5,50,CGCGG,23788.42,ZBTB14,1.814,TFDP1,MA1122.2,1.617,3.8
drosophila_enhancers_stark,5,1,GAAAA,834.38,dl,1.579,dl,MA0022.1,1.579,6.83
drosophila_enhancers_stark,5,2,TGATC,813.93,bigmax,1.594,,,,
drosophila_enhancers_stark,5,3,CATTT,803.47,erm,1.616,erm,MA2225.1,1.616,3.22
drosophila_enhancers_stark,5,3,CATTT,803.47,erm,1.616,phol,MA2261.1,1.598,3.71
drosophila_enhancers_stark,5,4,TTTTC,663.59,dl,1.579,dl,MA0022.1,1.579,6.83
drosophila_enhancers_stark,5,5,CAAAA,655.99,rib,1.795,rib,MA2267.1,1.795,4.57
drosophila_enhancers_stark,5,5,CAAAA,655.99,rib,1.795,phol,MA2261.1,1.515,3.71
drosophila_enhancers_stark,5,6,GGGGG,565.74,lmd,1.971,Rel,MA2264.1,1.905,2.65
drosophila_enhancers_stark,5,7,TGTGT,532.34,cg,1.938,,,,
drosophila_enhancers_stark,5,8,CCCCT,480.94,Bteb2,1.712,,,,
drosophila_enhancers_stark,5,9,CCCCC,471.37,lmd,1.971,Rel,MA2264.1,1.905,2.65
drosophila_enhancers_stark,5,10,GGGGT,412.68,usp,1.922,Rel,MA2264.1,1.912,2.65
drosophila_enhancers_stark,5,11,CCCCA,407.71,lmd,1.707,,,,
drosophila_enhancers_stark,5,12,AGGGG,387.85,Bteb2,1.712,,,,
drosophila_enhancers_stark,5,13,AATTA,368.45,pdm3,1.966,Dr,MA0188.1,1.903,2.46
drosophila_enhancers_stark,5,13,AATTA,368.45,pdm3,1.966,Pph13,MA0200.2,1.889,2.85
drosophila_enhancers_stark,5,13,AATTA,368.45,pdm3,1.966,CG9876,MA0184.2,1.854,2.84
drosophila_enhancers_stark,5,13,AATTA,368.45,pdm3,1.966,Dll,MA0187.1,1.801,2.95
drosophila_enhancers_stark,5,13,AATTA,368.45,pdm3,1.966,Elba1,MA1837.2,1.784,2.51
drosophila_enhancers_stark,5,13,AATTA,368.45,pdm3,1.966,CG34031,MA0444.1,1.749,2.6
drosophila_enhancers_stark,5,13,AATTA,368.45,pdm3,1.966,B-H2,MA0169.1,1.732,2.78
drosophila_enhancers_stark,5,13,AATTA,368.45,pdm3,1.966,E5,MA0189.2,1.72,3.11
drosophila_enhancers_stark,5,14,GATCA,367.99,bigmax,1.594,,,,
drosophila_enhancers_stark,5,15,AAGCT,342.34,EcR,0.994,,,,
drosophila_enhancers_stark,5,16,GGGTT,341.98,Rel,1.914,Rel,MA2264.1,1.914,2.65
drosophila_enhancers_stark,5,16,GGGTT,341.98,Rel,1.914,Kr,MA0452.3,1.878,3.84
drosophila_enhancers_stark,5,16,GGGTT,341.98,Rel,1.914,dl,MA0022.1,1.501,6.83
drosophila_enhancers_stark,5,17,ACAAA,332.03,Sox14,1.933,Sox14,MA2274.1,1.933,4.34
drosophila_enhancers_stark,5,17,ACAAA,332.03,Sox14,1.933,D,MA0445.1,1.55,2.84
drosophila_enhancers_stark,5,18,TACTG,322.79,odd,1.785,,,,
drosophila_enhancers_stark,5,19,GCCGC,314.86,pan,1.452,,,,
drosophila_enhancers_stark,5,20,GGGAA,312.9,Rel,1.963,Rel,MA2264.1,1.963,2.65
drosophila_enhancers_stark,5,20,GGGAA,312.9,Rel,1.963,Dif,MA2213.1,1.786,5.16
drosophila_enhancers_stark,5,21,AGAAG,302.9,bowl,1.59,,,,
drosophila_enhancers_stark,5,22,ACCGT,293.42,odd,1.306,,,,
drosophila_enhancers_stark,5,23,AAAAT,287.72,D1,1.806,D1,MA2306.1,1.806,3.4
drosophila_enhancers_stark,5,23,AAAAT,287.72,D1,1.806,phol,MA2261.1,1.598,3.71
drosophila_enhancers_stark,5,24,AAAAG,284.14,dsf,1.845,erm,MA2225.1,1.747,3.22
drosophila_enhancers_stark,5,24,AAAAG,284.14,dsf,1.845,su(Hw),MA0533.1,1.596,4.14
drosophila_enhancers_stark,5,25,AGCTT,277.87,EcR,0.994,,,,
drosophila_enhancers_stark,5,26,GGAAA,275.7,Ets65A,1.865,dl,MA0023.1,1.615,5.57
drosophila_enhancers_stark,5,26,GGAAA,275.7,Ets65A,1.865,dl,MA0022.1,1.55,6.83
drosophila_enhancers_stark,5,26,GGAAA,275.7,Ets65A,1.865,Dif,MA2213.1,1.51,5.16
drosophila_enhancers_stark,5,27,AAATG,264.16,erm,1.616,erm,MA2225.1,1.616,3.22
drosophila_enhancers_stark,5,27,AAATG,264.16,erm,1.616,phol,MA2261.1,1.598,3.71
drosophila_enhancers_stark,5,28,ATCTT,262.03,phol,1.715,phol,MA2261.1,1.715,3.71
drosophila_enhancers_stark,5,29,TTTCA,261.5,ken,1.78,ken,MA2249.1,1.78,2.76
drosophila_enhancers_stark,5,30,CCCCG,257.87,opa,1.693,,,,
drosophila_enhancers_stark,5,31,TGACC,256.05,Hr78,1.982,Eip75B,MA2224.1,1.954,2.96
drosophila_enhancers_stark,5,31,TGACC,256.05,Hr78,1.982,Hr38,MA2243.1,1.807,3.17
drosophila_enhancers_stark,5,32,GAGGT,251.57,EcR,1.732,,,,
drosophila_enhancers_stark,5,33,ACACA,246.99,cg,1.938,,,,
drosophila_enhancers_stark,5,34,CAATT,241.23,Dr,1.826,Dr,MA0188.1,1.826,2.46
drosophila_enhancers_stark,5,34,CAATT,241.23,Dr,1.826,Elba1,MA1837.2,1.773,2.51
drosophila_enhancers_stark,5,34,CAATT,241.23,Dr,1.826,B-H2,MA0169.1,1.732,2.78
drosophila_enhancers_stark,5,34,CAATT,241.23,Dr,1.826,CG34031,MA0444.1,1.713,2.6
drosophila_enhancers_stark,5,34,CAATT,241.23,Dr,1.826,B-H1,MA0168.1,1.62,2.8
drosophila_enhancers_stark,5,34,CAATT,241.23,Dr,1.826,tup,MA0248.1,1.588,2.49
drosophila_enhancers_stark,5,34,CAATT,241.23,Dr,1.826,NK7.1,MA0196.1,1.576,3.12
drosophila_enhancers_stark,5,34,CAATT,241.23,Dr,1.826,Dll,MA0187.1,1.552,2.95
drosophila_enhancers_stark,5,35,GTTTC,238.03,Ets65A,1.616,,,,
drosophila_enhancers_stark,5,36,AATGG,236.83,Sox21a,1.619,D,MA0445.1,1.6,2.84
drosophila_enhancers_stark,5,36,AATGG,236.83,Sox21a,1.619,phol,MA2261.1,1.598,3.71
drosophila_enhancers_stark,5,36,AATGG,236.83,Sox21a,1.619,tup,MA0248.1,1.552,2.49
drosophila_enhancers_stark,5,37,ATGGG,234.82,dar1,1.41,,,,
drosophila_enhancers_stark,5,38,TCCAG,234.77,Hsf,1.8,,,,
drosophila_enhancers_stark,5,39,ACCCC,229.25,usp,1.922,Rel,MA2264.1,1.912,2.65
drosophila_enhancers_stark,5,40,TGGAC,228.36,insv,1.168,,,,
drosophila_enhancers_stark,5,41,ATTAG,222.57,pdm3,1.894,Elba1,MA1837.2,1.796,2.51
drosophila_enhancers_stark,5,41,ATTAG,222.57,pdm3,1.894,ems,MA0219.1,1.533,2.43
drosophila_enhancers_stark,5,42,CTATC,221.21,pnr,1.738,,,,
drosophila_enhancers_stark,5,43,TACCG,218.12,bowl,1.481,,,,
drosophila_enhancers_stark,5,44,CGGGG,217.76,opa,1.693,,,,
drosophila_enhancers_stark,5,45,CCCAA,215.93,dar1,1.41,,,,
drosophila_enhancers_stark,5,46,CCTTT,215.82,Kr,1.895,Kr,MA0452.3,1.895,3.84
drosophila_enhancers_stark,5,46,CCTTT,215.82,Kr,1.895,Hr38,MA2243.1,1.831,3.17
drosophila_enhancers_stark,5,46,CCTTT,215.82,Kr,1.895,Sox14,MA2274.1,1.766,4.34
drosophila_enhancers_stark,5,47,AAATT,209.95,nub,1.503,nub,MA0197.3,1.503,3.27
drosophila_enhancers_stark,5,48,CCTAC,200.44,Eip75B,1.783,Eip75B,MA2224.1,1.783,2.96
drosophila_enhancers_stark,5,49,AAAAC,200.21,sage,1.592,dl,MA0022.1,1.547,6.83
drosophila_enhancers_stark,5,49,AAAAC,200.21,sage,1.592,slp1,MA0458.2,1.509,2.64
drosophila_enhancers_stark,5,50,AGTAT,197.71,su(Hw),1.731,su(Hw),MA0533.1,1.731,4.14
dummy_mouse_enhancers_ensembl,3,1,CCG,1856.61,OVOL1,2.0,,,,
dummy_mouse_enhancers_ensembl,3,2,CGG,1019.98,OVOL1,2.0,,,,
dummy_mouse_enhancers_ensembl,3,3,GCT,595.26,ZSCAN16,2.0,,,,
dummy_mouse_enhancers_ensembl,3,4,TAC,509.75,DMRT3,1.998,,,,
dummy_mouse_enhancers_ensembl,3,5,CCC,456.42,GLIS1,1.997,,,,
dummy_mouse_enhancers_ensembl,3,6,GCC,427.57,NFIA,2.0,,,,
dummy_mouse_enhancers_ensembl,3,7,CGC,373.81,KLF15,1.999,,,,
dummy_mouse_enhancers_ensembl,3,8,TCT,318.33,Smad4,1.998,,,,
dummy_mouse_enhancers_ensembl,3,9,AGG,290.67,ESRRB,1.994,,,,
dummy_mouse_enhancers_ensembl,3,10,ATA,288.02,CDX4,2.0,,,,
dummy_mouse_enhancers_ensembl,3,11,CTA,262.43,MEF2D,1.99,,,,
dummy_mouse_enhancers_ensembl,3,12,TGA,260.8,FOS,2.0,,,,
dummy_mouse_enhancers_ensembl,3,13,TTT,222.34,CDX4,1.999,,,,
dummy_mouse_enhancers_ensembl,3,14,GAT,221.35,GATA5,2.0,,,,
dummy_mouse_enhancers_ensembl,3,15,ATG,220.32,ZNF410,1.997,,,,
dummy_mouse_enhancers_ensembl,3,16,GGT,219.99,NR2F1,1.999,,,,
dummy_mouse_enhancers_ensembl,3,17,CGA,217.87,ZBED1,1.987,,,,
dummy_mouse_enhancers_ensembl,3,18,GTA,211.38,DMRT3,1.998,,,,
dummy_mouse_enhancers_ensembl,3,19,AAT,208.47,HOXA2,2.0,,,,
dummy_mouse_enhancers_ensembl,3,20,AGC,207.94,ZSCAN16,2.0,,,,
dummy_mouse_enhancers_ensembl,3,21,ACT,206.4,ZBTB32,1.996,,,,
dummy_mouse_enhancers_ensembl,3,22,GGC,196.09,NFIA,2.0,,,,
dummy_mouse_enhancers_ensembl,3,23,TGT,184.13,ZBTB32,1.997,,,,
dummy_mouse_enhancers_ensembl,3,24,GCG,172.33,KLF15,1.999,,,,
dummy_mouse_enhancers_ensembl,3,25,ACA,165.63,ZBTB32,1.997,,,,
dummy_mouse_enhancers_ensembl,3,26,CGT,162.86,OVOL1,2.0,,,,
dummy_mouse_enhancers_ensembl,3,27,ACC,162.28,NR2F1,1.999,,,,
dummy_mouse_enhancers_ensembl,3,28,ATC,161.32,GATA5,2.0,,,,
dummy_mouse_enhancers_ensembl,3,29,CAT,150.97,ZNF410,1.997,,,,
dummy_mouse_enhancers_ensembl,3,30,AGA,150.31,Smad4,1.998,,,,
dummy_mouse_enhancers_ensembl,3,31,TAG,148.64,MEF2D,1.99,,,,
dummy_mouse_enhancers_ensembl,3,32,GGA,144.95,NFATC4,2.0,,,,
dummy_mouse_enhancers_ensembl,3,33,TTC,144.86,NFATC4,2.0,,,,
dummy_mouse_enhancers_ensembl,3,34,AGT,141.32,ZBTB32,1.996,,,,
dummy_mouse_enhancers_ensembl,3,35,ATT,132.83,HOXA2,2.0,,,,
dummy_mouse_enhancers_ensembl,3,36,TGC,130.09,NFIA,2.0,,,,
dummy_mouse_enhancers_ensembl,3,37,ACG,129.82,OVOL1,2.0,,,,
dummy_mouse_enhancers_ensembl,3,38,CTT,126.7,ZNF343,1.999,,,,
dummy_mouse_enhancers_ensembl,3,39,CTC,126.52,ZSCAN16,2.0,,,,
dummy_mouse_enhancers_ensembl,3,40,TGG,122.26,NFIA,2.0,,,,
dummy_mouse_enhancers_ensembl,3,41,TAT,120.23,CDX4,2.0,,,,
dummy_mouse_enhancers_ensembl,3,42,TTA,119.03,VENTX,2.0,,,,
dummy_mouse_enhancers_ensembl,3,43,GTC,116.73,NR2F1,2.0,,,,
dummy_mouse_enhancers_ensembl,3,44,GAC,115.87,NR2F1,2.0,,,,
dummy_mouse_enhancers_ensembl,3,45,TAA,109.63,VENTX,2.0,,,,
dummy_mouse_enhancers_ensembl,3,46,GTT,108.69,ZSCAN16,2.0,,,,
dummy_mouse_enhancers_ensembl,3,47,AAC,108.15,ZSCAN16,2.0,,,,
dummy_mouse_enhancers_ensembl,3,48,CCA,106.41,NFIA,2.0,,,,
dummy_mouse_enhancers_ensembl,3,49,AAA,101.88,CDX4,1.999,,,,
dummy_mouse_enhancers_ensembl,3,50,TTG,98.76,NFIA,2.0,,,,
demo_coding_vs_intergenomic_seqs,5,1,TTTTT,54221.98,ZNF384,1.99,ZNF384,MA1125.2,1.99,4.05
demo_coding_vs_intergenomic_seqs,5,1,TTTTT,54221.98,ZNF384,1.99,Hmga1,MA2124.1,1.921,4.53
demo_coding_vs_intergenomic_seqs,5,1,TTTTT,54221.98,ZNF384,1.99,MEF2C,MA0497.2,1.8,4.35
demo_coding_vs_intergenomic_seqs,5,1,TTTTT,54221.98,ZNF384,1.99,MEF2A,MA0052.5,1.782,5.33
demo_coding_vs_intergenomic_seqs,5,1,TTTTT,54221.98,ZNF384,1.99,MEF2D,MA0773.1,1.736,4.26
demo_coding_vs_intergenomic_seqs,5,1,TTTTT,54221.98,ZNF384,1.99,ONECUT3,MA0757.2,1.724,3.08
demo_coding_vs_intergenomic_seqs,5,1,TTTTT,54221.98,ZNF384,1.99,MEF2B,MA0660.1,1.706,4.26
demo_coding_vs_intergenomic_seqs,5,2,TATTT,50006.35,MEF2D,1.949,MEF2D,MA0773.1,1.949,4.26
demo_coding_vs_intergenomic_seqs,5,2,TATTT,50006.35,MEF2D,1.949,MEF2C,MA0497.2,1.945,4.35
demo_coding_vs_intergenomic_seqs,5,2,TATTT,50006.35,MEF2D,1.949,MEF2B,MA0660.1,1.922,4.26
demo_coding_vs_intergenomic_seqs,5,2,TATTT,50006.35,MEF2D,1.949,MEF2A,MA0052.5,1.888,5.33
demo_coding_vs_intergenomic_seqs,5,3,TAAAA,46999.28,Hmga1,1.925,Hmga1,MA2124.1,1.925,4.53
demo_coding_vs_intergenomic_seqs,5,3,TAAAA,46999.28,Hmga1,1.925,HOXB13,MA0901.3,1.922,3.57
demo_coding_vs_intergenomic_seqs,5,3,TAAAA,46999.28,Hmga1,1.925,HOXD11,MA0908.2,1.757,2.84
demo_coding_vs_intergenomic_seqs,5,3,TAAAA,46999.28,Hmga1,1.925,MEF2D,MA0773.1,1.738,4.26
demo_coding_vs_intergenomic_seqs,5,3,TAAAA,46999.28,Hmga1,1.925,ZNF418,MA1980.1,1.734,3.91
demo_coding_vs_intergenomic_seqs,5,3,TAAAA,46999.28,Hmga1,1.925,MEF2A,MA0052.5,1.726,5.33
demo_coding_vs_intergenomic_seqs,5,3,TAAAA,46999.28,Hmga1,1.925,MEF2B,MA0660.1,1.708,4.26
demo_coding_vs_intergenomic_seqs,5,3,TAAAA,46999.28,Hmga1,1.925,TBP,MA0108.3,1.665,3.57
demo_coding_vs_intergenomic_seqs,5,4,AAATA,25904.53,MEF2D,1.949,MEF2D,MA0773.1,1.949,4.26
demo_coding_vs_intergenomic_seqs,5,4,AAATA,25904.53,MEF2D,1.949,MEF2C,MA0497.2,1.945,4.35
demo_coding_vs_intergenomic_seqs,5,4,AAATA,25904.53,MEF2D,1.949,MEF2B,MA0660.1,1.922,4.26
demo_coding_vs_intergenomic_seqs,5,4,AAATA,25904.53,MEF2D,1.949,MEF2A,MA0052.5,1.888,5.33
demo_coding_vs_intergenomic_seqs,5,5,GAAGA,22902.28,ZNF680,1.939,,,,
demo_coding_vs_intergenomic_seqs,5,6,GCGGC,22183.72,ZNF610,1.925,,,,
demo_coding_vs_intergenomic_seqs,5,7,TTTTA,19604.23,Hmga1,1.925,Hmga1,MA2124.1,1.925,4.53
demo_coding_vs_intergenomic_seqs,5,7,TTTTA,19604.23,Hmga1,1.925,HOXB13,MA0901.3,1.922,3.57
demo_coding_vs_intergenomic_seqs,5,7,TTTTA,19604.23,Hmga1,1.925,HOXD11,MA0908.2,1.757,2.84
demo_coding_vs_intergenomic_seqs,5,7,TTTTA,19604.23,Hmga1,1.925,MEF2D,MA0773.1,1.738,4.26
demo_coding_vs_intergenomic_seqs,5,7,TTTTA,19604.23,Hmga1,1.925,ZNF418,MA1980.1,1.734,3.91
demo_coding_vs_intergenomic_seqs,5,7,TTTTA,19604.23,Hmga1,1.925,MEF2A,MA0052.5,1.726,5.33
demo_coding_vs_intergenomic_seqs,5,7,TTTTA,19604.23,Hmga1,1.925,MEF2B,MA0660.1,1.708,4.26
demo_coding_vs_intergenomic_seqs,5,7,TTTTA,19604.23,Hmga1,1.925,TBP,MA0108.3,1.665,3.57
demo_coding_vs_intergenomic_seqs,5,8,TAATT,14775.35,LMX1B,1.999,ISX,MA0654.2,1.975,3.62
demo_coding_vs_intergenomic_seqs,5,8,TAATT,14775.35,LMX1B,1.999,LHX2,MA0700.3,1.941,3.03
demo_coding_vs_intergenomic_seqs,5,8,TAATT,14775.35,LMX1B,1.999,RAX,MA0718.2,1.93,3.14
demo_coding_vs_intergenomic_seqs,5,8,TAATT,14775.35,LMX1B,1.999,EMX2,MA0886.2,1.922,2.86
demo_coding_vs_intergenomic_seqs,5,8,TAATT,14775.35,LMX1B,1.999,Shox2,MA0720.2,1.921,2.74
demo_coding_vs_intergenomic_seqs,5,8,TAATT,14775.35,LMX1B,1.999,POU6F1,MA0628.2,1.888,3.39
demo_coding_vs_intergenomic_seqs,5,8,TAATT,14775.35,LMX1B,1.999,DLX6,MA0882.2,1.867,3.05
demo_coding_vs_intergenomic_seqs,5,8,TAATT,14775.35,LMX1B,1.999,Nobox,MA0125.2,1.841,3.03
demo_coding_vs_intergenomic_seqs,5,9,TAAAT,12879.6,MEIS2,1.875,MEF2D,MA0773.1,1.76,4.26
demo_coding_vs_intergenomic_seqs,5,9,TAAAT,12879.6,MEIS2,1.875,MEF2B,MA0660.1,1.737,4.26
demo_coding_vs_intergenomic_seqs,5,9,TAAAT,12879.6,MEIS2,1.875,ZNF354A,MA1978.2,1.584,2.75
demo_coding_vs_intergenomic_seqs,5,10,AAAAA,11183.76,ZNF384,1.99,ZNF384,MA1125.2,1.99,4.05
demo_coding_vs_intergenomic_seqs,5,10,AAAAA,11183.76,ZNF384,1.99,Hmga1,MA2124.1,1.921,4.53
demo_coding_vs_intergenomic_seqs,5,10,AAAAA,11183.76,ZNF384,1.99,MEF2C,MA0497.2,1.8,4.35
demo_coding_vs_intergenomic_seqs,5,10,AAAAA,11183.76,ZNF384,1.99,MEF2A,MA0052.5,1.782,5.33
demo_coding_vs_intergenomic_seqs,5,10,AAAAA,11183.76,ZNF384,1.99,MEF2D,MA0773.1,1.736,4.26
demo_coding_vs_intergenomic_seqs,5,10,AAAAA,11183.76,ZNF384,1.99,ONECUT3,MA0757.2,1.724,3.08
demo_coding_vs_intergenomic_seqs,5,10,AAAAA,11183.76,ZNF384,1.99,MEF2B,MA0660.1,1.706,4.26
demo_coding_vs_intergenomic_seqs,5,11,GCCGC,10069.94,ZNF610,1.925,,,,
demo_coding_vs_intergenomic_seqs,5,12,CGCCG,9448.5,ZNF610,1.764,,,,
demo_coding_vs_intergenomic_seqs,5,13,CGGCG,8840.33,ZNF610,1.764,,,,
demo_coding_vs_intergenomic_seqs,5,14,CCGGA,7834.97,FEV,1.977,ELK4,MA0076.3,1.899,2.97
demo_coding_vs_intergenomic_seqs,5,14,CCGGA,7834.97,FEV,1.977,ETV7,MA1708.2,1.522,2.77
demo_coding_vs_intergenomic_seqs,5,15,TCTTT,7769.7,ZNF558,1.891,,,,
demo_coding_vs_intergenomic_seqs,5,16,AATAA,7344.55,Hoxd13,1.983,SATB1,MA1963.2,1.927,3.16
demo_coding_vs_intergenomic_seqs,5,16,AATAA,7344.55,Hoxd13,1.983,HOXB13,MA0901.3,1.894,3.57
demo_coding_vs_intergenomic_seqs,5,16,AATAA,7344.55,Hoxd13,1.983,ONECUT3,MA0757.2,1.691,3.08
demo_coding_vs_intergenomic_seqs,5,16,AATAA,7344.55,Hoxd13,1.983,HNF1A,MA0046.3,1.506,2.76
demo_coding_vs_intergenomic_seqs,5,17,CAGCG,7079.92,ZNF93,1.777,,,,
demo_coding_vs_intergenomic_seqs,5,18,TGAAG,6535.01,ZNF343,1.836,,,,
demo_coding_vs_intergenomic_seqs,5,19,ATTAG,6515.44,SATB1,1.962,SATB1,MA1963.2,1.962,3.16
demo_coding_vs_intergenomic_seqs,5,20,CTGGA,6490.57,ZBTB26,1.941,Prdm15,MA1616.2,1.729,3.02
demo_coding_vs_intergenomic_seqs,5,21,GCTGC,5919.57,ZNF582,1.903,ZNF582,MA1983.2,1.903,3.24
demo_coding_vs_intergenomic_seqs,5,21,GCTGC,5919.57,ZNF582,1.903,ZFP42,MA1651.2,1.698,4.43
demo_coding_vs_intergenomic_seqs,5,22,GATGA,5483.12,FOS,1.802,,,,
demo_coding_vs_intergenomic_seqs,5,23,TTTCT,5344.38,BCL6B,1.932,,,,
demo_coding_vs_intergenomic_seqs,5,24,CGCTG,4847.94,ZNF93,1.777,,,,
demo_coding_vs_intergenomic_seqs,5,25,TTTAA,4768.98,MYBL2,1.812,Hmga1,MA2124.1,1.659,4.53
demo_coding_vs_intergenomic_seqs,5,25,TTTAA,4768.98,MYBL2,1.812,Arid3b,MA0601.2,1.526,3.51
demo_coding_vs_intergenomic_seqs,5,26,CATCG,4478.37,GLIS1,1.644,,,,
demo_coding_vs_intergenomic_seqs,5,27,TAGTT,4428.51,HMBOX1,1.797,,,,
demo_coding_vs_intergenomic_seqs,5,28,GCAGC,3824.79,ZNF582,1.903,ZNF582,MA1983.2,1.903,3.24
demo_coding_vs_intergenomic_seqs,5,28,GCAGC,3824.79,ZNF582,1.903,ZFP42,MA1651.2,1.698,4.43
demo_coding_vs_intergenomic_seqs,5,29,ATAAA,3762.83,CDX4,1.999,HOXB13,MA0901.3,1.933,3.57
demo_coding_vs_intergenomic_seqs,5,29,ATAAA,3762.83,CDX4,1.999,TBP,MA0108.3,1.797,3.57
demo_coding_vs_intergenomic_seqs,5,29,ATAAA,3762.83,CDX4,1.999,MEF2D,MA0773.1,1.76,4.26
demo_coding_vs_intergenomic_seqs,5,29,ATAAA,3762.83,CDX4,1.999,MEF2B,MA0660.1,1.735,4.26
demo_coding_vs_intergenomic_seqs,5,29,ATAAA,3762.83,CDX4,1.999,Hmga1,MA2124.1,1.705,4.53
demo_coding_vs_intergenomic_seqs,5,29,ATAAA,3762.83,CDX4,1.999,Foxf1,MA1606.2,1.601,3.09
demo_coding_vs_intergenomic_seqs,5,29,ATAAA,3762.83,CDX4,1.999,ZNF354A,MA1978.2,1.584,2.75
demo_coding_vs_intergenomic_seqs,5,29,ATAAA,3762.83,CDX4,1.999,FOXP2,MA0593.2,1.523,2.87
demo_coding_vs_intergenomic_seqs,5,30,CAAGA,3758.42,ZNF680,1.819,,,,
demo_coding_vs_intergenomic_seqs,5,31,CGAAG,3745.4,GLIS3,1.67,,,,
demo_coding_vs_intergenomic_seqs,5,32,TAGGT,3717.31,RORA,1.871,,,,
demo_coding_vs_intergenomic_seqs,5,33,CTGCG,3667.33,NHLH2,1.918,,,,
demo_coding_vs_intergenomic_seqs,5,34,TAATA,3633.25,ZNF410,1.991,SATB1,MA1963.2,1.952,3.16
demo_coding_vs_intergenomic_seqs,5,34,TAATA,3633.25,ZNF410,1.991,Arid5a,MA0602.2,1.671,3.58
demo_coding_vs_intergenomic_seqs,5,34,TAATA,3633.25,ZNF410,1.991,Arid3b,MA0601.2,1.659,3.51
demo_coding_vs_intergenomic_seqs,5,35,TTAGG,3561.0,RORA,1.482,,,,
demo_coding_vs_intergenomic_seqs,5,36,ATATA,3558.49,SRF,1.958,TBP,MA0108.3,1.569,3.57
demo_coding_vs_intergenomic_seqs,5,37,TAAGT,3424.58,Nkx3-2,1.956,,,,
demo_coding_vs_intergenomic_seqs,5,38,TTTGT,3362.11,SOX10,1.955,SOX15,MA1152.2,1.657,2.94
demo_coding_vs_intergenomic_seqs,5,38,TTTGT,3362.11,SOX10,1.955,ZNF675,MA1714.2,1.538,3.17
demo_coding_vs_intergenomic_seqs,5,39,CGACG,3357.98,ZNF669,1.622,,,,
demo_coding_vs_intergenomic_seqs,5,40,CCGGC,3347.08,ERF::NHLH1,1.873,,,,
demo_coding_vs_intergenomic_seqs,5,41,TCGGA,3331.19,ZNF524,1.516,,,,
demo_coding_vs_intergenomic_seqs,5,42,TCCGA,3318.27,ZNF524,1.516,,,,
demo_coding_vs_intergenomic_seqs,5,43,ACATA,3274.01,NEUROG2,1.844,,,,
demo_coding_vs_intergenomic_seqs,5,44,TAGGG,3251.42,ZNF16,1.622,,,,
demo_coding_vs_intergenomic_seqs,5,45,GTGGA,3188.31,ZNF684,1.844,,,,
demo_coding_vs_intergenomic_seqs,5,46,CTTCG,3187.96,GLIS3,1.67,,,,
demo_coding_vs_intergenomic_seqs,5,47,CCAGA,3120.79,ZBTB26,1.936,,,,
demo_coding_vs_intergenomic_seqs,5,48,CATTC,3111.43,ZNF24,1.936,,,,
demo_coding_vs_intergenomic_seqs,5,49,GAGGA,3095.56,ZNF263,1.914,ZNF675,MA1714.2,1.627,3.17
demo_coding_vs_intergenomic_seqs,5,50,GGACG,3041.0,HINFP,1.901,,,,
demo_human_or_worm,4,1,TTCG,104964.42,IRF9,1.973,IRF9,MA0653.1,1.973,4.35
demo_human_or_worm,4,1,TTCG,104964.42,IRF9,1.973,IRF6,MA1509.1,1.931,4.4
demo_human_or_worm,4,2,TCGA,99272.26,CUX1,1.853,,,,
demo_human_or_worm,4,3,CGAA,72106.76,IRF9,1.973,IRF9,MA0653.1,1.973,4.35
demo_human_or_worm,4,3,CGAA,72106.76,IRF9,1.973,IRF6,MA1509.1,1.931,4.4
demo_human_or_worm,4,4,AATT,72027.79,LMX1B,1.999,,,,
demo_human_or_worm,4,5,AAAA,30785.1,ZNF384,1.99,,,,
demo_human_or_worm,4,6,TTTT,29551.72,ZNF384,1.99,,,,
demo_human_or_worm,4,7,ATCG,23887.51,CUX1,1.853,,,,
demo_human_or_worm,4,8,CAGG,23154.34,SNAI3,1.982,,,,
demo_human_or_worm,4,9,CGAT,22178.47,CUX1,1.853,,,,
demo_human_or_worm,4,10,CCTG,20895.72,SNAI3,1.982,,,,
demo_human_or_worm,4,11,AACG,20319.85,OVOL1,2.0,IRF9,MA0653.1,1.753,4.35
demo_human_or_worm,4,12,CGGA,19357.63,ELK3,1.994,,,,
demo_human_or_worm,4,13,TCCG,19056.49,ELK3,1.994,,,,
demo_human_or_worm,4,14,CGTT,18946.67,OVOL1,2.0,IRF9,MA0653.1,1.753,4.35
demo_human_or_worm,4,15,CGAC,10392.73,HOXC11,1.927,,,,
demo_human_or_worm,4,16,ACGA,9715.12,HOXC11,1.974,IRF9,MA0653.1,1.773,4.35
demo_human_or_worm,4,17,AGGC,9567.79,Zfx,1.991,,,,
demo_human_or_worm,4,18,TCAA,9312.24,Rarg,1.975,,,,
demo_human_or_worm,4,19,TCGT,8851.67,HOXC11,1.974,IRF9,MA0653.1,1.773,4.35
demo_human_or_worm,4,20,GTCG,8719.27,HOXC11,1.927,,,,
demo_human_or_worm,4,21,CCGA,8675.2,IRF4,1.96,IRF6,MA1509.1,1.898,4.4
demo_human_or_worm,4,21,CCGA,8675.2,IRF4,1.96,IRF9,MA0653.1,1.895,4.35
demo_human_or_worm,4,22,TTGA,8433.36,Rarg,1.975,,,,
demo_human_or_worm,4,23,TACG,7991.7,HOXC11,1.898,,,,
demo_human_or_worm,4,24,CCCA,7932.89,ZNF143,1.991,,,,
demo_human_or_worm,4,25,CGTA,7847.19,HOXC11,1.898,,,,
demo_human_or_worm,4,26,GCCT,7796.88,Zfx,1.991,,,,
demo_human_or_worm,4,27,TCGG,7519.12,IRF4,1.96,IRF6,MA1509.1,1.898,4.4
demo_human_or_worm,4,27,TCGG,7519.12,IRF4,1.96,IRF9,MA0653.1,1.895,4.35
demo_human_or_worm,4,28,CGGT,7342.77,IRF4,1.96,IRF9,MA0653.1,1.895,4.35
demo_human_or_worm,4,28,CGGT,7342.77,IRF4,1.96,IRF6,MA1509.1,1.797,4.4
demo_human_or_worm,4,29,ACCG,7088.15,IRF4,1.96,IRF9,MA0653.1,1.895,4.35
demo_human_or_worm,4,29,ACCG,7088.15,IRF4,1.96,IRF6,MA1509.1,1.797,4.4
demo_human_or_worm,4,30,TGGG,6830.89,ZNF143,1.991,,,,
demo_human_or_worm,4,31,CGTC,6350.58,ATF6,1.99,,,,
demo_human_or_worm,4,32,CGCG,6006.99,ZBED1,1.982,,,,
demo_human_or_worm,4,33,CCCT,5910.17,MAZ,1.969,,,,
demo_human_or_worm,4,34,GACG,5865.54,ATF6,1.99,,,,
demo_human_or_worm,4,35,CGCA,5840.82,NHLH2,1.944,,,,
demo_human_or_worm,4,36,CCAG,5765.75,ZNF416,1.951,,,,
demo_human_or_worm,4,37,AAAT,5726.82,MEF2C,1.937,,,,
demo_human_or_worm,4,38,CTCG,5562.63,ZBTB33,1.895,,,,
demo_human_or_worm,4,39,ATTT,5296.36,MEF2C,1.937,,,,
demo_human_or_worm,4,40,CTGG,5293.03,ZNF416,1.951,,,,
demo_human_or_worm,4,41,AGGG,5183.43,MAZ,1.969,,,,
demo_human_or_worm,4,42,TGCG,4953.59,NHLH2,1.944,,,,
demo_human_or_worm,4,43,GAGG,4758.03,SP5,1.988,,,,
demo_human_or_worm,4,44,CCTC,4522.31,SP5,1.988,,,,
demo_human_or_worm,4,45,ACAG,4407.6,ZBTB32,1.996,,,,
demo_human_or_worm,4,46,CGAG,4151.48,ZBTB33,1.895,,,,
demo_human_or_worm,4,47,TTTG,4111.26,HNF4A,1.973,,,,
demo_human_or_worm,4,48,GCCG,3765.3,ZFP57,1.934,,,,
demo_human_or_worm,4,49,CAAA,3569.56,HNF4A,1.973,,,,
demo_human_or_worm,4,50,GGCG,3420.86,E2F7,1.99,,,,
